"","V1","V2","V3","V4","V5","V6","V7","V8","V9","V10"
"1",NA,NA,NA,NA,NA,6,7,8,9,10
"2",NA,NA,NA,NA,NA,6,7,8,9,10
"3",NA,NA,NA,NA,NA,6,7,8,9,10
"4",NA,NA,NA,NA,NA,6,7,8,9,10
"5",NA,NA,NA,NA,NA,6,7,8,9,10
"6",NA,NA,NA,NA,NA,6,7,8,9,10
"7",NA,NA,NA,NA,NA,6,7,8,9,10
"8",NA,NA,NA,NA,NA,6,7,8,9,10
"9",NA,NA,NA,NA,NA,6,7,8,9,10
"10",NA,NA,NA,NA,NA,6,7,8,9,10
"11",NA,NA,NA,NA,NA,6,7,8,9,10
"12",NA,NA,NA,NA,NA,6,7,8,9,10
"13",NA,NA,NA,NA,NA,6,7,8,9,10
"14",NA,NA,NA,NA,NA,6,7,8,9,10
"15",NA,NA,NA,NA,NA,6,7,8,9,10
"16",NA,NA,NA,NA,NA,6,7,8,9,10
"17",NA,NA,NA,NA,NA,6,7,8,9,10
"18",NA,NA,NA,NA,NA,6,7,8,9,10
"19",NA,NA,NA,NA,NA,6,7,8,9,10
"20",NA,NA,NA,NA,NA,6,7,8,9,10
"21",NA,NA,NA,NA,NA,6,7,8,9,10
"22",1,NA,NA,NA,NA,NA,NA,NA,NA,NA
"23",1,NA,NA,NA,NA,NA,NA,NA,NA,NA
"24",1,NA,NA,NA,NA,NA,NA,NA,NA,NA
"25",NA,NA,NA,NA,NA,6,NA,NA,NA,NA
"26",1,NA,NA,4,NA,6,NA,NA,NA,NA
"27",1,NA,NA,NA,NA,NA,NA,NA,NA,NA
"28",1,NA,NA,NA,NA,NA,NA,NA,NA,NA
"29",1,NA,NA,NA,NA,NA,NA,NA,NA,NA
"30",1,NA,NA,NA,NA,NA,NA,NA,NA,NA
"31",1,NA,NA,4,NA,6,NA,NA,NA,NA
"32",1,NA,NA,4,NA,6,NA,NA,NA,NA
"33",1,NA,NA,4,NA,6,NA,NA,NA,NA
"34",1,NA,NA,NA,NA,NA,NA,NA,NA,NA
"35",1,NA,NA,4,NA,6,NA,NA,NA,NA
"36",1,NA,NA,NA,NA,NA,NA,NA,NA,NA
"37",1,NA,NA,4,NA,6,NA,NA,NA,NA
"38",1,NA,NA,4,NA,6,NA,NA,NA,NA
"39",1,NA,NA,4,NA,6,NA,NA,NA,NA
"40",1,NA,NA,4,NA,6,NA,NA,NA,NA
"41",1,NA,NA,4,NA,6,NA,NA,NA,NA
"42",NA,2,3,4,5,6,7,8,9,10
"43",NA,2,3,4,5,6,7,8,9,10
"44",NA,2,3,4,5,6,7,8,9,10
"45",NA,2,3,4,5,6,7,8,9,10
"46",NA,2,3,4,5,6,7,8,9,10
"47",NA,2,3,4,5,6,7,8,9,10
"48",NA,2,3,4,5,6,7,8,9,10
"49",NA,2,3,4,5,6,7,8,9,10
"50",NA,2,3,4,5,6,7,8,9,10
"51",NA,2,3,4,5,6,7,8,9,10
"52",NA,2,3,4,5,6,7,8,9,10
"53",NA,2,3,4,5,6,7,8,9,10
"54",NA,2,3,4,5,6,7,8,9,10
"55",NA,2,3,4,5,6,7,8,9,10
"56",NA,2,3,4,5,6,7,8,9,10
"57",NA,2,3,4,5,6,7,8,9,10
"58",NA,2,3,4,5,6,7,8,9,10
"59",NA,2,3,4,5,6,7,8,9,10
"60",NA,2,3,4,5,6,7,8,9,10
"61",NA,2,3,4,5,6,7,8,9,10
"62",NA,2,3,4,5,6,7,NA,9,10
"63",NA,2,3,4,5,6,7,8,9,10
"64",NA,2,3,4,5,6,7,8,9,10
"65",NA,2,3,4,5,6,7,8,9,10
"66",NA,2,3,4,5,6,7,8,9,10
"67",NA,2,3,4,5,NA,7,8,9,10
"68",NA,2,3,4,5,6,7,8,9,10
"69",NA,2,3,4,5,NA,NA,NA,NA,NA
"70",NA,2,NA,4,5,NA,NA,NA,NA,NA
"71",NA,2,NA,4,5,NA,NA,NA,NA,10
"72",NA,2,NA,4,5,6,7,8,9,10
"73",NA,2,3,4,NA,NA,NA,NA,NA,10
"74",NA,2,3,4,NA,NA,NA,NA,NA,10
"75",NA,2,3,4,NA,NA,NA,NA,NA,10
"76",NA,2,3,4,5,6,7,8,9,10
"77",NA,2,3,4,NA,NA,NA,NA,9,10
"78",NA,2,NA,4,NA,NA,NA,NA,9,10
"79",NA,2,NA,4,NA,NA,NA,NA,9,10
"80",NA,2,NA,4,NA,NA,NA,NA,9,10
"81",NA,2,NA,4,NA,NA,NA,NA,9,10
"82",1,2,3,4,5,6,NA,NA,NA,NA
"83",1,2,NA,4,5,6,NA,NA,NA,NA
"84",1,NA,NA,NA,NA,NA,NA,NA,NA,NA
"85",1,NA,NA,NA,NA,6,NA,NA,NA,NA
"86",1,NA,NA,NA,NA,NA,NA,NA,NA,NA
"87",1,2,3,4,5,6,NA,NA,NA,NA
"88",NA,NA,3,4,5,6,NA,NA,NA,NA
"89",1,2,3,4,5,6,NA,NA,NA,NA
"90",1,2,3,4,5,6,NA,NA,NA,NA
"91",1,2,3,4,5,6,NA,NA,NA,NA
"92",1,2,3,NA,NA,NA,NA,NA,NA,NA
"93",1,NA,NA,NA,NA,NA,NA,NA,NA,NA
"94",1,2,NA,NA,NA,NA,NA,NA,NA,NA
"95",1,2,3,4,5,6,NA,NA,NA,NA
"96",1,2,3,4,5,6,NA,NA,NA,NA
"97",1,2,3,4,5,6,NA,NA,NA,NA
"98",1,2,3,4,5,6,NA,NA,NA,NA
"99",1,2,NA,NA,NA,NA,NA,NA,NA,NA
"100",1,NA,3,NA,5,NA,NA,NA,NA,NA
"101",NA,NA,NA,NA,NA,NA,NA,NA,9,NA
"102",NA,NA,NA,NA,NA,NA,NA,NA,9,NA
"103",NA,NA,NA,NA,NA,NA,NA,NA,9,NA
"104",NA,NA,NA,NA,NA,NA,NA,NA,9,NA
"105",NA,NA,NA,NA,NA,NA,NA,NA,9,NA
"106",NA,NA,NA,NA,NA,NA,NA,NA,9,NA
"107",NA,NA,NA,NA,NA,NA,NA,NA,9,NA
"108",NA,NA,NA,NA,NA,NA,NA,NA,9,NA
"109",1,2,3,4,5,NA,NA,NA,NA,NA
"110",1,2,3,4,5,NA,NA,NA,NA,NA
"111",1,2,3,4,5,NA,NA,NA,NA,NA
"112",1,2,3,4,5,NA,NA,NA,NA,NA
"113",1,2,3,4,5,NA,NA,NA,NA,NA
"114",1,2,3,4,5,NA,NA,NA,NA,NA
"115",1,2,3,4,5,NA,NA,NA,NA,NA
"116",1,2,3,4,5,NA,NA,NA,NA,NA
"117",1,2,3,4,5,NA,NA,NA,NA,NA
"118",1,2,3,4,5,NA,NA,NA,NA,NA
"119",1,2,3,4,5,NA,NA,NA,NA,NA
"120",1,2,3,4,5,NA,NA,NA,NA,NA
"121",1,2,3,4,5,NA,NA,NA,NA,NA
"122",1,2,3,4,5,NA,NA,NA,NA,NA
"123",1,2,3,4,5,NA,NA,NA,NA,NA
"124",1,2,3,4,5,NA,NA,NA,NA,NA
"125",1,2,3,4,5,NA,NA,NA,NA,NA
"126",1,2,3,4,5,NA,NA,NA,NA,NA
"127",1,2,3,4,5,NA,NA,NA,NA,NA
"128",1,2,3,4,5,NA,NA,NA,NA,NA
"129",1,NA,NA,NA,NA,NA,NA,NA,NA,NA
"130",1,NA,NA,NA,NA,NA,NA,NA,NA,NA
"131",1,NA,NA,NA,NA,NA,NA,NA,NA,NA
"132",1,NA,NA,NA,NA,NA,NA,NA,NA,NA
"133",1,2,3,NA,NA,6,7,NA,NA,NA
"134",1,2,3,NA,NA,6,7,NA,NA,NA
"135",1,2,3,NA,NA,6,7,NA,NA,NA
"136",1,NA,NA,NA,NA,NA,NA,NA,NA,NA
"137",1,NA,3,NA,NA,6,NA,NA,NA,NA
"138",1,NA,NA,NA,NA,NA,NA,NA,NA,NA
"139",1,NA,NA,NA,NA,NA,NA,NA,NA,NA
"140",1,2,3,NA,NA,6,7,NA,NA,NA
"141",1,2,3,NA,NA,6,7,NA,NA,NA
"142",1,2,3,NA,NA,6,7,NA,NA,NA
"143",1,2,NA,NA,NA,NA,7,NA,NA,NA
"144",1,2,3,NA,NA,6,7,NA,NA,NA
"145",1,2,3,NA,NA,6,7,NA,NA,NA
"146",1,2,3,NA,NA,6,7,NA,NA,NA
"147",1,NA,NA,NA,NA,NA,NA,NA,NA,NA
"148",1,NA,NA,NA,NA,NA,7,NA,NA,NA
"149",NA,NA,NA,NA,NA,6,7,8,9,NA
"150",NA,NA,NA,NA,NA,6,7,8,9,NA
"151",NA,NA,NA,NA,NA,6,7,8,9,NA
"152",NA,NA,NA,NA,NA,6,7,8,9,NA
"153",NA,NA,NA,NA,NA,6,7,8,9,NA
"154",NA,NA,NA,NA,NA,6,7,8,9,NA
"155",NA,NA,NA,NA,NA,6,7,8,9,NA
"156",NA,NA,NA,NA,NA,6,7,8,9,NA
"157",NA,NA,NA,NA,NA,6,7,8,9,NA
"158",NA,NA,NA,NA,NA,6,7,8,9,NA
"159",NA,NA,NA,NA,NA,6,7,8,9,NA
"160",NA,NA,NA,NA,NA,6,7,8,9,NA
"161",NA,NA,NA,NA,NA,6,7,8,9,NA
"162",NA,NA,NA,NA,NA,6,7,8,9,NA
"163",NA,NA,NA,NA,NA,6,7,8,9,NA
"164",NA,NA,NA,NA,NA,6,7,8,9,NA
"165",NA,NA,NA,NA,NA,6,7,8,9,NA
"166",NA,NA,NA,NA,NA,6,NA,NA,NA,NA
"167",NA,NA,3,4,NA,6,7,8,9,10
"168",NA,NA,3,4,NA,6,7,8,9,10
"169",NA,NA,3,4,NA,6,7,8,9,10
"170",NA,NA,3,4,NA,6,7,8,9,10
"171",NA,NA,3,4,NA,6,NA,8,9,10
"172",NA,NA,3,4,NA,NA,NA,NA,NA,10
"173",NA,NA,3,4,NA,6,NA,NA,NA,10
"174",NA,NA,3,4,NA,NA,NA,NA,NA,NA
"175",NA,NA,3,4,NA,6,7,8,9,10
"176",NA,NA,3,4,NA,6,7,8,9,10
"177",NA,NA,3,4,NA,6,NA,NA,NA,NA
"178",NA,NA,3,4,NA,6,7,8,9,10
"179",NA,NA,3,4,NA,6,7,8,9,10
"180",NA,NA,3,4,NA,6,7,8,NA,NA
"181",NA,NA,3,4,NA,6,NA,8,NA,10
"182",NA,NA,3,4,NA,6,7,8,NA,10
"183",NA,NA,3,4,NA,6,7,8,9,10
"184",NA,NA,3,4,NA,6,7,8,9,10
"185",1,2,3,4,NA,6,NA,NA,NA,NA
"186",1,2,3,4,NA,6,NA,NA,NA,NA
"187",1,2,3,4,NA,6,NA,NA,NA,NA
"188",1,2,3,4,NA,6,NA,NA,NA,NA
"189",1,2,3,4,NA,6,NA,NA,NA,NA
"190",1,2,3,4,NA,6,NA,NA,NA,NA
"191",1,2,3,4,NA,6,NA,NA,NA,NA
"192",1,2,3,4,NA,6,NA,NA,NA,NA
"193",1,2,3,4,NA,6,NA,NA,NA,NA
"194",1,2,3,4,NA,6,NA,NA,NA,NA
"195",1,2,3,4,NA,6,NA,NA,NA,NA
"196",1,2,3,4,NA,6,NA,NA,NA,NA
"197",1,2,3,4,NA,6,NA,NA,NA,NA
"198",1,2,3,4,NA,6,NA,NA,NA,NA
"199",1,2,3,4,NA,6,NA,NA,NA,NA
"200",1,2,3,4,NA,6,NA,NA,NA,NA
"201",1,2,3,4,NA,6,NA,NA,NA,NA
"202",1,2,3,4,NA,6,NA,NA,NA,NA
"203",1,2,3,4,NA,6,NA,NA,NA,NA
"204",1,2,3,4,NA,6,NA,NA,NA,NA
"205",NA,2,3,4,5,6,7,8,NA,NA
"206",NA,2,3,4,5,6,7,8,NA,NA
"207",NA,2,3,4,5,6,7,8,NA,NA
"208",NA,2,3,4,5,6,7,8,NA,NA
"209",NA,2,3,4,5,6,7,8,NA,NA
"210",NA,2,3,4,5,6,7,8,NA,NA
"211",NA,2,3,4,5,6,7,8,NA,NA
"212",NA,2,3,4,5,6,7,8,NA,NA
"213",NA,2,3,4,5,6,7,8,NA,NA
"214",NA,2,3,4,5,6,7,8,NA,NA
"215",NA,NA,3,4,5,6,7,8,NA,NA
"216",NA,2,3,4,5,6,7,8,NA,NA
"217",NA,2,3,4,5,6,7,8,NA,NA
"218",NA,NA,NA,NA,NA,NA,NA,8,9,10
"219",NA,NA,NA,NA,NA,NA,NA,8,9,10
"220",NA,NA,NA,NA,NA,NA,NA,8,9,10
"221",NA,NA,NA,NA,NA,NA,NA,8,NA,10
"222",NA,NA,NA,NA,NA,NA,NA,8,NA,10
"223",NA,NA,NA,NA,NA,NA,NA,8,NA,10
"224",NA,NA,NA,NA,NA,NA,NA,8,9,10
"225",NA,NA,NA,NA,NA,NA,NA,8,9,10
"226",NA,NA,NA,NA,NA,NA,NA,8,9,10
"227",NA,NA,NA,NA,NA,NA,NA,8,9,10
"228",NA,NA,NA,NA,NA,NA,NA,8,9,10
"229",NA,NA,NA,NA,NA,NA,NA,8,9,10
"230",NA,NA,NA,NA,NA,NA,NA,8,NA,10
"231",NA,NA,NA,NA,NA,NA,NA,8,9,10
"232",NA,NA,NA,NA,NA,NA,NA,8,9,10
"233",NA,NA,NA,NA,NA,NA,NA,8,NA,10
"234",NA,NA,NA,NA,NA,NA,NA,8,NA,NA
"235",NA,NA,NA,NA,NA,NA,NA,8,9,10
"236",NA,NA,NA,NA,NA,NA,NA,8,9,10
"237",NA,NA,NA,NA,NA,NA,NA,8,9,10
"238",NA,NA,NA,NA,NA,NA,NA,NA,NA,10
"239",NA,NA,NA,NA,NA,NA,NA,NA,NA,10
"240",NA,NA,NA,NA,NA,NA,NA,NA,NA,10
"241",NA,NA,NA,NA,NA,NA,NA,NA,NA,10
"242",NA,NA,NA,NA,NA,NA,NA,NA,NA,10
"243",NA,NA,NA,NA,NA,NA,NA,NA,NA,10
"244",NA,NA,NA,NA,NA,NA,NA,NA,NA,10
"245",NA,NA,NA,NA,NA,NA,NA,NA,NA,10
"246",NA,NA,NA,NA,NA,NA,NA,NA,NA,10
"247",NA,NA,NA,NA,NA,NA,NA,NA,NA,10
"248",NA,NA,NA,NA,NA,NA,NA,NA,NA,10
"249",NA,NA,NA,NA,NA,NA,NA,NA,NA,10
"250",NA,NA,NA,NA,NA,NA,NA,NA,NA,10
"251",NA,NA,NA,NA,NA,NA,NA,NA,NA,10
"252",NA,NA,NA,NA,NA,NA,NA,NA,NA,10
"253",NA,NA,NA,NA,NA,NA,NA,NA,NA,10
"254",NA,NA,NA,NA,NA,NA,NA,NA,NA,10
"255",NA,NA,NA,NA,NA,NA,NA,NA,NA,10
"256",NA,NA,NA,NA,NA,NA,NA,NA,NA,10
"257",NA,NA,NA,NA,NA,NA,NA,NA,NA,10
"258",NA,NA,NA,NA,NA,NA,NA,NA,NA,10
"259",NA,NA,NA,NA,NA,NA,7,NA,NA,NA
"260",NA,NA,NA,NA,NA,NA,7,NA,NA,NA
"261",NA,NA,NA,NA,NA,NA,7,NA,NA,NA
"262",NA,NA,NA,NA,NA,NA,7,NA,NA,NA
"263",NA,NA,NA,NA,NA,NA,7,NA,NA,NA
"264",NA,NA,NA,NA,NA,NA,7,NA,NA,NA
"265",NA,NA,NA,NA,NA,NA,7,NA,NA,NA
"266",NA,NA,NA,NA,NA,NA,7,NA,NA,NA
"267",NA,NA,NA,NA,NA,NA,7,NA,NA,NA
"268",NA,NA,NA,NA,NA,NA,7,NA,NA,NA
"269",NA,NA,NA,NA,NA,NA,7,NA,NA,NA
"270",NA,NA,NA,NA,NA,NA,7,NA,NA,NA
"271",NA,NA,NA,NA,NA,NA,7,NA,NA,NA
"272",NA,NA,NA,NA,NA,NA,7,NA,NA,NA
"273",NA,NA,NA,NA,NA,NA,7,NA,NA,NA
"274",NA,NA,NA,NA,NA,NA,7,NA,NA,NA
"275",NA,NA,NA,NA,NA,NA,7,NA,NA,NA
"276",NA,NA,NA,NA,NA,NA,7,NA,NA,NA
"277",NA,NA,NA,NA,NA,NA,7,NA,NA,NA
"278",NA,NA,NA,NA,NA,NA,NA,8,9,10
"279",NA,NA,NA,NA,NA,NA,NA,8,9,10
"280",NA,NA,NA,NA,NA,NA,NA,8,9,10
"281",NA,NA,NA,NA,NA,NA,NA,8,9,NA
"282",NA,NA,NA,NA,NA,NA,NA,8,9,NA
"283",NA,NA,NA,NA,NA,NA,NA,8,9,10
"284",NA,NA,NA,NA,NA,NA,NA,8,9,10
"285",NA,NA,NA,NA,NA,NA,NA,8,9,10
"286",NA,NA,NA,NA,NA,NA,NA,8,9,10
"287",NA,NA,NA,NA,NA,NA,NA,8,9,10
"288",NA,NA,NA,NA,NA,NA,NA,8,9,10
"289",NA,NA,NA,NA,NA,NA,NA,8,9,10
"290",NA,NA,NA,NA,NA,NA,NA,8,NA,10
"291",NA,NA,NA,NA,NA,NA,NA,8,9,10
"292",NA,NA,NA,NA,NA,NA,NA,8,9,10
"293",NA,NA,NA,NA,NA,NA,NA,8,9,10
"294",NA,NA,NA,NA,NA,NA,NA,8,9,NA
"295",NA,NA,NA,NA,NA,NA,NA,8,9,10
"296",NA,NA,NA,NA,NA,NA,NA,8,9,10
"297",NA,NA,NA,NA,NA,NA,NA,8,9,10
"298",NA,NA,3,NA,NA,NA,NA,NA,NA,NA
"299",NA,NA,3,NA,NA,NA,NA,NA,NA,NA
"300",NA,NA,3,4,NA,NA,NA,NA,NA,NA
"301",NA,NA,3,4,NA,NA,7,8,NA,NA
"302",NA,NA,3,NA,NA,NA,NA,8,NA,NA
"303",NA,NA,3,NA,NA,NA,7,8,NA,NA
"304",NA,NA,3,4,NA,NA,NA,8,NA,NA
"305",NA,NA,3,4,NA,NA,NA,8,NA,NA
"306",NA,NA,3,4,NA,NA,7,8,NA,NA
"307",NA,NA,3,4,NA,NA,7,8,NA,NA
"308",NA,NA,3,4,NA,NA,7,8,NA,NA
"309",NA,NA,3,4,NA,NA,7,8,NA,NA
"310",NA,NA,3,4,NA,NA,7,NA,NA,NA
"311",NA,NA,3,4,NA,NA,7,8,NA,NA
"312",NA,NA,3,4,NA,NA,NA,8,NA,NA
"313",NA,NA,3,4,NA,NA,NA,NA,NA,NA
"314",NA,NA,3,NA,NA,NA,NA,NA,NA,NA
"315",NA,NA,3,4,NA,NA,7,8,NA,NA
"316",NA,NA,3,NA,NA,NA,NA,8,NA,NA
"317",NA,NA,NA,4,5,6,7,8,9,10
"318",NA,NA,NA,4,5,6,7,8,9,10
"319",NA,NA,NA,4,5,6,7,8,9,10
"320",NA,NA,NA,4,5,6,7,8,9,10
"321",NA,NA,NA,4,5,6,7,8,9,10
"322",NA,NA,NA,4,5,6,7,8,9,10
"323",NA,NA,NA,4,5,6,7,8,9,10
"324",NA,NA,NA,4,5,6,7,8,9,10
"325",NA,NA,NA,4,5,6,7,8,9,10
"326",NA,NA,NA,4,5,6,7,8,9,10
"327",NA,NA,NA,4,5,6,7,8,9,10
"328",NA,NA,NA,4,5,6,7,8,9,10
"329",NA,NA,NA,4,5,6,7,8,9,10
"330",NA,NA,NA,4,5,6,7,8,9,10
"331",NA,NA,NA,4,5,6,7,8,9,10
"332",NA,NA,NA,4,5,6,7,8,9,10
"333",NA,NA,NA,4,5,6,7,8,9,10
"334",NA,NA,NA,4,5,6,7,8,9,10
"335",NA,NA,NA,4,5,6,7,8,9,10
"336",NA,NA,NA,4,5,6,7,8,9,10
"337",1,2,3,4,NA,NA,NA,NA,NA,NA
"338",1,2,NA,4,NA,NA,NA,NA,NA,NA
"339",1,2,3,4,NA,NA,NA,NA,NA,NA
"340",1,2,3,4,NA,NA,NA,NA,NA,NA
"341",1,2,3,4,NA,NA,NA,NA,NA,NA
"342",1,NA,NA,4,NA,NA,NA,NA,NA,NA
"343",1,NA,NA,NA,NA,NA,NA,NA,NA,NA
"344",1,NA,NA,NA,NA,NA,NA,NA,NA,NA
"345",1,2,3,4,NA,NA,NA,NA,NA,NA
"346",1,2,3,NA,NA,NA,NA,NA,NA,NA
"347",1,NA,3,NA,NA,NA,NA,NA,NA,NA
"348",1,2,3,4,NA,NA,NA,NA,NA,NA
"349",1,2,3,NA,NA,NA,NA,NA,NA,NA
"350",1,NA,3,4,NA,NA,NA,NA,NA,NA
"351",1,NA,NA,NA,NA,NA,NA,NA,NA,NA
"352",1,2,3,4,NA,NA,NA,NA,NA,NA
"353",1,2,3,4,NA,NA,NA,NA,NA,NA
"354",1,2,3,4,NA,NA,NA,NA,NA,NA
"355",1,2,3,4,NA,NA,NA,NA,NA,NA
"356",1,2,3,4,NA,NA,NA,NA,NA,NA
"357",NA,NA,NA,NA,NA,NA,NA,NA,NA,10
"358",NA,NA,NA,NA,NA,NA,NA,NA,NA,10
"359",NA,NA,NA,NA,NA,NA,NA,NA,NA,10
"360",NA,NA,NA,NA,NA,NA,NA,NA,NA,10
"361",NA,NA,NA,NA,NA,NA,NA,NA,NA,10
"362",NA,NA,NA,NA,NA,NA,NA,NA,NA,10
"363",NA,NA,NA,NA,NA,NA,NA,NA,NA,10
"364",NA,NA,NA,NA,NA,NA,NA,NA,NA,10
"365",NA,NA,NA,NA,NA,NA,NA,NA,NA,10
"366",NA,NA,NA,NA,NA,NA,NA,NA,NA,10
"367",NA,NA,NA,NA,NA,NA,NA,NA,NA,10
"368",NA,NA,NA,NA,NA,NA,NA,NA,NA,10
"369",NA,NA,NA,NA,NA,NA,NA,NA,NA,10
"370",NA,NA,NA,NA,NA,NA,NA,NA,NA,10
"371",NA,NA,NA,NA,NA,NA,NA,NA,NA,10
"372",NA,NA,NA,NA,NA,NA,NA,NA,NA,10
"373",NA,NA,NA,NA,NA,NA,NA,NA,NA,10
"374",NA,NA,NA,NA,NA,NA,NA,NA,NA,10
"375",NA,NA,NA,NA,NA,NA,NA,NA,NA,10
"376",NA,NA,NA,NA,NA,NA,NA,NA,NA,10
"377",NA,2,NA,4,NA,NA,NA,NA,NA,NA
"378",1,NA,3,4,NA,NA,NA,NA,NA,NA
"379",1,NA,3,4,NA,NA,NA,NA,NA,NA
"380",1,NA,3,4,NA,NA,NA,NA,NA,NA
"381",1,NA,3,4,NA,NA,NA,NA,NA,NA
"382",1,NA,3,4,NA,NA,NA,NA,NA,NA
"383",1,NA,3,4,NA,NA,NA,NA,NA,NA
"384",1,NA,3,4,NA,NA,NA,NA,NA,NA
"385",1,NA,3,4,NA,NA,NA,NA,NA,NA
"386",1,NA,3,4,NA,NA,NA,NA,NA,NA
"387",1,NA,3,4,NA,NA,NA,NA,NA,NA
"388",1,2,3,4,NA,NA,NA,NA,NA,NA
"389",1,2,3,4,NA,NA,NA,NA,NA,NA
"390",1,2,3,4,NA,NA,NA,NA,NA,NA
"391",1,2,3,4,NA,NA,NA,NA,NA,NA
"392",1,2,3,4,NA,NA,NA,NA,NA,NA
"393",1,2,3,4,NA,NA,NA,NA,NA,NA
"394",1,2,3,4,NA,NA,NA,NA,NA,NA
"395",1,2,3,4,NA,NA,NA,NA,NA,NA
"396",1,NA,NA,NA,NA,NA,NA,NA,NA,NA
"397",1,NA,NA,NA,NA,NA,NA,NA,NA,NA
"398",1,NA,NA,NA,NA,NA,NA,NA,NA,NA
"399",1,NA,NA,NA,NA,NA,NA,NA,NA,NA
"400",1,NA,NA,NA,NA,NA,NA,NA,NA,NA
"401",1,NA,NA,NA,NA,NA,NA,NA,NA,NA
"402",1,NA,NA,NA,NA,NA,NA,NA,NA,NA
"403",1,NA,NA,NA,NA,NA,NA,NA,NA,NA
"404",1,NA,NA,NA,NA,NA,NA,NA,NA,NA
"405",1,NA,NA,NA,NA,NA,NA,NA,NA,NA
"406",1,NA,NA,NA,NA,NA,NA,NA,NA,NA
"407",1,NA,NA,NA,NA,NA,NA,NA,NA,NA
"408",1,NA,NA,NA,NA,NA,NA,NA,NA,NA
"409",1,NA,NA,NA,NA,NA,NA,NA,NA,NA
"410",1,NA,NA,NA,NA,NA,NA,NA,NA,NA
"411",1,NA,NA,NA,NA,NA,NA,NA,NA,NA
"412",1,NA,NA,NA,NA,NA,NA,NA,NA,NA
"413",1,NA,NA,NA,NA,NA,NA,NA,NA,NA
"414",1,NA,NA,NA,NA,NA,NA,NA,NA,NA
"415",1,NA,NA,NA,NA,NA,NA,NA,NA,NA
"416",1,2,3,NA,NA,NA,NA,NA,NA,NA
"417",1,2,3,NA,NA,NA,NA,NA,NA,NA
"418",1,2,NA,NA,NA,NA,NA,NA,NA,NA
"419",1,2,3,NA,NA,NA,NA,NA,NA,NA
"420",1,2,NA,NA,NA,NA,NA,NA,NA,NA
"421",1,2,3,NA,NA,NA,NA,NA,NA,NA
"422",1,NA,NA,NA,NA,NA,NA,NA,NA,NA
"423",1,2,3,NA,NA,NA,NA,NA,NA,NA
"424",1,2,NA,NA,NA,NA,NA,NA,NA,NA
"425",1,2,NA,NA,NA,NA,NA,NA,NA,NA
"426",1,2,3,NA,NA,NA,NA,NA,NA,NA
"427",1,2,3,NA,NA,NA,NA,NA,NA,NA
"428",1,2,3,NA,NA,NA,NA,NA,NA,NA
"429",1,2,3,NA,NA,NA,NA,NA,NA,NA
"430",1,2,3,NA,NA,NA,NA,NA,NA,NA
"431",1,2,3,NA,NA,NA,NA,NA,NA,NA
"432",1,2,3,NA,NA,NA,NA,NA,NA,NA
"433",1,2,3,NA,NA,NA,NA,NA,NA,NA
"434",1,2,3,NA,NA,NA,NA,NA,NA,NA
"435",1,2,3,NA,NA,NA,NA,NA,NA,NA
"436",1,2,3,4,NA,NA,7,NA,NA,NA
"437",1,2,NA,4,NA,NA,7,NA,NA,NA
"438",1,2,3,4,NA,NA,7,NA,NA,NA
"439",1,2,3,4,NA,NA,7,NA,NA,NA
"440",1,2,3,4,NA,NA,7,NA,NA,NA
"441",1,NA,3,NA,NA,NA,NA,NA,NA,NA
"442",1,NA,3,NA,NA,NA,NA,NA,NA,NA
"443",1,NA,3,NA,NA,NA,NA,NA,NA,NA
"444",1,2,3,4,NA,NA,7,NA,NA,NA
"445",1,2,3,4,NA,NA,7,NA,NA,NA
"446",1,2,3,4,NA,NA,7,NA,NA,NA
"447",1,2,3,4,NA,NA,7,NA,NA,NA
"448",1,2,3,4,NA,NA,7,NA,NA,NA
"449",1,2,3,4,NA,NA,7,NA,NA,NA
"450",1,2,3,4,NA,NA,7,NA,NA,NA
"451",1,2,3,4,NA,NA,7,NA,NA,NA
"452",1,2,3,4,NA,NA,7,NA,NA,NA
"453",1,2,3,4,NA,NA,7,NA,NA,NA
"454",1,2,3,4,NA,NA,7,NA,NA,NA
"455",1,2,3,NA,NA,NA,NA,NA,NA,NA
"456",1,2,3,NA,NA,NA,NA,NA,NA,NA
"457",1,2,3,NA,NA,NA,NA,NA,NA,NA
"458",1,2,3,NA,NA,NA,NA,NA,NA,NA
"459",1,2,3,NA,NA,NA,NA,NA,NA,NA
"460",1,2,3,NA,NA,NA,NA,NA,NA,NA
"461",1,2,3,NA,NA,NA,NA,NA,NA,NA
"462",1,2,3,NA,NA,NA,NA,NA,NA,NA
"463",1,2,3,NA,NA,NA,NA,NA,NA,NA
"464",1,2,3,NA,NA,NA,NA,NA,NA,NA
"465",1,2,3,NA,NA,NA,NA,NA,NA,NA
"466",1,2,3,NA,NA,NA,NA,NA,NA,NA
"467",1,2,3,NA,NA,NA,NA,NA,NA,NA
"468",1,2,3,NA,NA,NA,NA,NA,NA,NA
"469",1,2,3,NA,NA,NA,NA,NA,NA,NA
"470",1,2,3,NA,NA,NA,NA,NA,NA,NA
"471",1,2,3,NA,NA,NA,NA,NA,NA,NA
"472",1,2,3,NA,NA,NA,NA,NA,NA,NA
"473",1,2,3,NA,NA,NA,NA,NA,NA,NA
"474",NA,2,3,4,NA,NA,NA,NA,9,10
"475",NA,2,3,4,NA,NA,NA,NA,9,10
"476",NA,2,3,4,NA,NA,NA,NA,9,10
"477",NA,2,3,4,NA,NA,NA,NA,9,10
"478",NA,2,3,4,NA,NA,NA,NA,9,10
"479",NA,2,3,4,NA,NA,NA,NA,9,10
"480",NA,2,3,4,NA,NA,NA,NA,9,10
"481",NA,2,3,4,NA,NA,NA,NA,9,10
"482",NA,2,3,4,NA,NA,NA,NA,9,10
"483",NA,2,3,4,NA,NA,NA,NA,9,10
"484",NA,2,3,4,NA,NA,NA,NA,NA,10
"485",NA,2,3,4,NA,NA,NA,NA,NA,10
"486",NA,2,3,4,NA,NA,NA,NA,NA,10
"487",NA,2,3,4,NA,NA,NA,NA,NA,10
"488",NA,2,3,4,NA,NA,NA,NA,NA,10
"489",NA,2,3,4,NA,NA,NA,NA,NA,10
"490",NA,2,3,4,NA,NA,NA,NA,9,10
"491",NA,2,3,4,NA,NA,NA,NA,9,10
"492",NA,2,3,4,NA,NA,NA,NA,9,10
"493",NA,2,3,4,NA,NA,NA,NA,9,10
"494",NA,NA,NA,NA,NA,NA,NA,NA,9,NA
"495",NA,NA,NA,4,5,6,NA,8,9,10
"496",NA,NA,NA,4,5,6,NA,8,9,10
"497",NA,NA,NA,4,5,6,NA,8,9,NA
"498",NA,NA,NA,4,5,6,NA,8,9,10
"499",NA,NA,NA,4,5,6,NA,8,9,10
"500",NA,NA,NA,4,5,6,NA,8,9,10
"501",NA,NA,NA,4,5,6,NA,8,9,10
"502",NA,NA,NA,4,5,6,NA,8,9,10
"503",NA,NA,NA,4,5,6,NA,8,9,10
"504",NA,NA,NA,4,5,6,NA,8,9,10
"505",NA,NA,NA,4,5,6,NA,8,9,10
"506",NA,NA,NA,4,5,6,NA,8,9,10
"507",NA,NA,NA,4,5,6,NA,8,9,10
"508",NA,NA,NA,4,5,6,NA,8,9,10
"509",NA,NA,NA,4,5,6,NA,8,9,10
"510",NA,NA,NA,4,5,6,NA,8,9,10
"511",NA,NA,NA,4,5,6,NA,8,9,10
"512",NA,NA,NA,4,5,6,NA,8,9,10
"513",NA,NA,NA,4,5,6,NA,8,9,10
"514",NA,NA,NA,NA,NA,NA,NA,8,9,NA
"515",NA,NA,NA,NA,NA,NA,7,8,9,NA
"516",NA,NA,NA,NA,NA,NA,7,8,9,NA
"517",NA,NA,NA,NA,NA,NA,7,8,9,NA
"518",NA,NA,NA,NA,NA,NA,7,8,9,NA
"519",NA,NA,NA,NA,NA,NA,7,8,9,NA
"520",NA,NA,NA,NA,NA,NA,7,8,9,NA
"521",NA,NA,NA,NA,NA,NA,7,8,9,NA
"522",NA,NA,NA,NA,NA,NA,7,8,9,NA
"523",NA,NA,NA,NA,NA,NA,7,8,9,NA
"524",NA,NA,NA,NA,NA,NA,7,8,9,NA
"525",NA,NA,NA,NA,NA,NA,7,NA,9,NA
"526",NA,NA,NA,NA,NA,NA,7,8,9,NA
"527",NA,NA,NA,NA,NA,NA,7,8,9,NA
"528",NA,NA,NA,NA,NA,NA,7,8,9,NA
"529",NA,NA,NA,NA,NA,NA,7,8,9,NA
"530",NA,NA,NA,NA,NA,NA,7,8,9,NA
"531",NA,NA,NA,NA,NA,NA,7,8,9,NA
"532",NA,NA,NA,NA,NA,NA,7,8,9,NA
"533",NA,NA,NA,NA,NA,NA,7,8,9,NA
"534",NA,NA,NA,NA,NA,NA,7,8,9,NA
"535",NA,NA,NA,NA,NA,NA,7,NA,9,NA
"536",NA,NA,NA,NA,NA,NA,7,NA,9,NA
"537",NA,NA,NA,NA,NA,NA,7,NA,9,NA
"538",NA,NA,NA,NA,NA,NA,7,NA,9,NA
"539",NA,NA,NA,NA,NA,NA,7,NA,9,NA
"540",NA,NA,NA,NA,NA,NA,7,NA,NA,NA
"541",NA,NA,NA,NA,NA,NA,7,NA,9,NA
"542",NA,NA,NA,NA,NA,NA,7,NA,9,NA
"543",NA,NA,NA,NA,NA,NA,7,NA,NA,NA
"544",NA,NA,NA,NA,NA,NA,7,NA,NA,NA
"545",NA,NA,NA,NA,NA,NA,7,NA,9,NA
"546",NA,NA,NA,NA,NA,NA,7,NA,NA,NA
"547",NA,NA,NA,NA,NA,NA,7,NA,NA,NA
"548",NA,NA,NA,NA,NA,NA,7,NA,NA,NA
"549",NA,NA,NA,NA,NA,NA,7,NA,9,NA
"550",NA,NA,NA,NA,NA,NA,7,NA,9,NA
"551",NA,NA,NA,NA,NA,NA,7,NA,9,NA
"552",NA,NA,NA,NA,NA,NA,7,NA,9,NA
"553",NA,NA,NA,NA,NA,NA,7,NA,9,NA
"554",NA,NA,NA,NA,NA,NA,7,NA,NA,NA
"555",NA,NA,NA,NA,NA,NA,7,NA,NA,NA
"556",NA,NA,NA,NA,NA,NA,NA,NA,9,10
"557",NA,NA,NA,NA,NA,NA,NA,NA,9,10
"558",NA,NA,NA,NA,NA,NA,NA,NA,9,10
"559",NA,NA,NA,NA,NA,NA,NA,NA,9,10
"560",NA,NA,NA,NA,NA,NA,NA,NA,9,10
"561",NA,NA,NA,NA,NA,NA,NA,NA,9,10
"562",NA,NA,NA,NA,NA,NA,NA,NA,9,10
"563",NA,NA,NA,NA,NA,NA,NA,NA,9,10
"564",NA,NA,NA,NA,NA,NA,NA,NA,9,10
"565",NA,NA,NA,NA,NA,NA,NA,NA,9,10
"566",NA,NA,NA,NA,NA,NA,NA,NA,9,10
"567",NA,NA,NA,NA,NA,NA,NA,NA,9,10
"568",NA,NA,NA,NA,NA,NA,NA,NA,9,10
"569",NA,NA,NA,NA,NA,NA,NA,NA,9,10
"570",NA,NA,NA,NA,NA,NA,NA,NA,9,10
"571",NA,NA,NA,NA,NA,NA,NA,NA,9,10
"572",NA,NA,NA,NA,NA,NA,NA,NA,9,10
"573",NA,NA,NA,NA,NA,NA,NA,NA,9,10
"574",NA,NA,NA,NA,NA,NA,NA,NA,9,10
"575",NA,NA,NA,NA,NA,NA,NA,NA,9,10
"576",NA,NA,NA,NA,NA,NA,NA,NA,9,10
"577",NA,NA,NA,NA,NA,NA,NA,NA,9,NA
"578",NA,NA,NA,4,5,6,7,8,9,10
"579",NA,NA,NA,4,5,6,7,8,9,10
"580",NA,NA,NA,4,5,6,7,8,9,10
"581",NA,NA,NA,4,5,6,7,8,9,10
"582",NA,NA,NA,4,5,6,7,8,9,10
"583",NA,NA,NA,4,5,6,7,8,9,10
"584",NA,NA,NA,4,5,6,7,8,9,10
"585",NA,NA,NA,4,5,6,7,8,9,10
"586",NA,NA,NA,4,5,NA,NA,8,NA,NA
"587",NA,NA,NA,NA,NA,NA,NA,8,NA,NA
"588",NA,NA,NA,NA,NA,NA,NA,8,NA,NA
"589",NA,NA,NA,NA,NA,NA,NA,8,NA,NA
"590",NA,NA,NA,NA,NA,NA,NA,8,NA,NA
"591",NA,NA,NA,NA,NA,NA,NA,8,NA,NA
"592",NA,NA,NA,NA,NA,NA,NA,8,NA,NA
"593",NA,NA,NA,NA,NA,NA,NA,8,NA,NA
"594",NA,NA,NA,4,5,6,7,8,9,10
"595",NA,NA,NA,NA,NA,NA,NA,8,NA,NA
"596",1,NA,3,4,NA,NA,7,8,NA,NA
"597",1,NA,3,4,NA,NA,7,8,NA,NA
"598",1,NA,3,4,NA,NA,7,8,NA,NA
"599",1,NA,3,4,NA,NA,7,8,NA,NA
"600",1,NA,3,4,NA,NA,7,8,NA,NA
"601",NA,NA,3,NA,NA,NA,NA,8,NA,NA
"602",1,NA,3,4,NA,NA,7,8,NA,NA
"603",NA,NA,3,NA,NA,NA,NA,8,NA,NA
"604",NA,NA,3,NA,NA,NA,NA,8,NA,NA
"605",NA,NA,3,NA,NA,NA,NA,8,NA,NA
"606",1,NA,3,4,NA,NA,7,8,NA,NA
"607",1,NA,3,NA,NA,NA,7,8,NA,NA
"608",1,NA,3,4,NA,NA,7,8,NA,NA
"609",1,NA,NA,NA,NA,NA,7,8,NA,NA
"610",1,NA,NA,NA,NA,NA,NA,8,NA,NA
"611",1,NA,NA,NA,NA,NA,NA,8,NA,NA
"612",1,NA,NA,NA,NA,NA,NA,8,NA,NA
"613",1,NA,NA,NA,NA,NA,NA,8,NA,NA
"614",1,NA,NA,NA,NA,NA,NA,8,NA,NA
"615",1,NA,NA,NA,NA,NA,NA,NA,NA,NA
"616",1,2,NA,NA,NA,NA,NA,NA,NA,NA
"617",1,2,NA,NA,NA,NA,NA,NA,NA,NA
"618",1,2,NA,NA,NA,NA,NA,NA,NA,NA
"619",1,2,NA,NA,NA,NA,NA,NA,NA,NA
"620",1,2,NA,NA,NA,NA,NA,NA,NA,NA
"621",1,2,NA,NA,NA,NA,NA,NA,NA,NA
"622",1,2,NA,NA,NA,NA,NA,NA,NA,NA
"623",1,2,NA,NA,NA,NA,NA,NA,NA,NA
"624",1,2,NA,NA,NA,NA,NA,NA,NA,NA
"625",1,2,NA,NA,NA,NA,NA,NA,NA,NA
"626",1,2,NA,NA,NA,NA,NA,NA,NA,NA
"627",1,2,NA,NA,NA,NA,NA,NA,NA,NA
"628",1,NA,NA,NA,NA,NA,NA,NA,NA,NA
"629",1,2,NA,NA,NA,NA,NA,NA,NA,NA
"630",1,NA,NA,NA,NA,NA,NA,NA,NA,NA
"631",1,NA,NA,NA,NA,NA,NA,NA,NA,NA
"632",1,NA,NA,NA,NA,NA,NA,NA,NA,NA
"633",1,NA,NA,NA,NA,NA,NA,NA,NA,NA
"634",1,NA,NA,NA,NA,NA,NA,NA,NA,NA
"635",1,2,NA,NA,NA,NA,NA,NA,NA,NA
"636",NA,NA,NA,NA,5,NA,7,8,9,NA
"637",NA,NA,NA,NA,5,NA,7,8,9,NA
"638",NA,NA,NA,NA,5,NA,7,8,9,NA
"639",NA,NA,NA,NA,5,NA,7,8,9,NA
"640",NA,NA,NA,NA,5,NA,7,8,9,NA
"641",NA,NA,NA,NA,5,NA,7,8,9,NA
"642",NA,NA,NA,NA,5,NA,7,8,9,NA
"643",NA,NA,NA,NA,5,NA,7,8,9,NA
"644",NA,NA,NA,NA,5,NA,7,8,9,NA
"645",NA,NA,NA,NA,5,NA,7,8,9,NA
"646",NA,NA,NA,NA,5,NA,7,8,9,NA
"647",NA,NA,NA,NA,5,NA,7,8,9,NA
"648",NA,NA,NA,NA,5,NA,7,8,9,NA
"649",NA,NA,NA,NA,5,NA,NA,8,9,NA
"650",NA,NA,NA,NA,5,NA,7,8,9,NA
"651",NA,NA,NA,NA,5,NA,7,8,9,NA
"652",NA,NA,NA,NA,5,NA,7,8,9,NA
"653",NA,NA,NA,NA,5,NA,7,8,9,NA
"654",NA,NA,NA,4,5,6,7,8,9,10
"655",NA,NA,NA,4,5,6,7,8,9,10
"656",NA,NA,NA,4,5,6,7,8,9,10
"657",NA,NA,NA,4,5,6,7,8,9,10
"658",NA,NA,NA,4,5,6,7,8,9,10
"659",NA,NA,NA,4,5,6,7,8,9,10
"660",NA,NA,NA,4,5,6,7,8,9,10
"661",NA,NA,NA,4,5,6,7,8,9,10
"662",NA,NA,NA,4,5,6,7,8,9,10
"663",NA,NA,NA,4,5,6,7,8,9,10
"664",NA,NA,NA,4,5,6,7,8,9,10
"665",NA,NA,NA,4,5,6,7,8,9,10
"666",NA,NA,NA,4,5,6,7,8,9,10
"667",NA,NA,NA,4,5,6,7,8,9,10
"668",NA,NA,NA,4,5,6,7,8,9,10
"669",NA,NA,NA,4,5,6,7,8,9,10
"670",NA,NA,NA,4,5,6,7,8,9,10
"671",NA,NA,NA,4,5,6,7,8,9,10
"672",NA,NA,NA,4,NA,6,7,8,9,10
"673",NA,NA,NA,4,5,6,7,8,9,NA
"674",NA,NA,NA,NA,NA,NA,NA,8,9,10
"675",NA,NA,NA,NA,NA,NA,NA,8,9,10
"676",NA,NA,NA,NA,NA,NA,NA,8,9,10
"677",NA,NA,NA,NA,NA,NA,NA,8,9,10
"678",NA,NA,NA,NA,NA,NA,NA,8,9,10
"679",NA,NA,NA,NA,NA,NA,NA,8,9,10
"680",NA,NA,NA,NA,NA,NA,NA,8,9,10
"681",NA,NA,NA,NA,NA,NA,NA,8,9,10
"682",NA,NA,NA,NA,NA,NA,NA,8,9,10
"683",NA,NA,NA,NA,NA,NA,NA,8,9,10
"684",NA,NA,NA,NA,NA,NA,NA,8,9,10
"685",NA,NA,NA,NA,NA,NA,NA,8,9,10
"686",NA,NA,NA,NA,NA,NA,NA,8,9,10
"687",NA,NA,NA,NA,NA,NA,NA,8,9,10
"688",NA,NA,NA,NA,NA,NA,NA,8,9,10
"689",NA,NA,NA,NA,NA,NA,NA,8,9,10
"690",NA,NA,NA,NA,NA,NA,NA,8,9,10
"691",NA,NA,NA,NA,NA,NA,NA,8,9,10
"692",NA,NA,NA,NA,NA,NA,NA,8,9,10
"693",NA,NA,NA,NA,NA,NA,NA,8,9,10
"694",NA,2,3,4,5,6,7,8,NA,10
"695",NA,2,3,4,5,6,7,8,NA,10
"696",NA,2,3,4,5,6,7,8,NA,10
"697",NA,2,3,4,5,6,7,8,NA,10
"698",NA,2,3,4,5,6,7,8,NA,10
"699",NA,2,3,4,5,6,7,8,NA,10
"700",NA,2,3,4,5,6,7,8,NA,10
"701",NA,2,3,4,5,6,7,8,NA,10
"702",NA,2,3,4,5,6,7,8,NA,10
"703",NA,2,3,4,5,6,7,8,NA,10
"704",NA,2,3,NA,NA,NA,NA,NA,NA,NA
"705",NA,NA,NA,NA,5,6,NA,NA,NA,NA
"706",NA,2,3,4,5,6,7,8,NA,10
"707",NA,2,3,4,5,6,7,8,NA,10
"708",NA,2,3,4,5,6,7,8,NA,10
"709",NA,2,3,4,5,6,7,8,NA,10
"710",NA,NA,NA,NA,5,6,7,8,NA,10
"711",NA,NA,NA,NA,5,6,7,8,NA,10
"712",NA,NA,NA,NA,5,6,7,8,NA,10
"713",NA,NA,NA,NA,5,6,7,8,NA,10
"714",NA,NA,NA,NA,5,6,7,8,NA,10
"715",NA,NA,NA,NA,5,6,7,8,9,10
"716",NA,NA,NA,NA,5,NA,7,NA,NA,NA
"717",NA,NA,NA,NA,5,NA,7,8,9,10
"718",NA,NA,NA,NA,5,6,7,8,9,10
"719",NA,NA,NA,NA,5,NA,7,8,NA,10
"720",NA,NA,NA,NA,5,6,NA,NA,NA,NA
"721",NA,NA,NA,NA,5,NA,NA,NA,9,NA
"722",NA,NA,NA,NA,5,6,NA,NA,9,10
"723",NA,NA,NA,NA,5,6,7,8,9,10
"724",NA,NA,NA,NA,5,6,7,8,9,NA
"725",NA,NA,NA,NA,5,NA,7,8,NA,10
"726",NA,NA,NA,NA,NA,NA,NA,NA,NA,10
"727",NA,NA,NA,NA,NA,NA,NA,NA,NA,10
"728",NA,NA,NA,NA,NA,NA,NA,NA,NA,10
"729",NA,NA,NA,NA,NA,NA,NA,NA,NA,10
"730",NA,NA,NA,NA,NA,NA,NA,NA,NA,10
"731",NA,NA,NA,NA,NA,NA,NA,NA,NA,10
"732",NA,NA,NA,NA,NA,NA,NA,NA,NA,10
"733",NA,NA,NA,NA,NA,NA,NA,NA,NA,10
"734",NA,NA,NA,NA,NA,NA,NA,NA,NA,10
"735",NA,NA,NA,NA,NA,NA,NA,NA,NA,10
"736",NA,NA,NA,NA,NA,NA,NA,NA,NA,10
"737",NA,NA,NA,NA,NA,NA,NA,NA,NA,10
"738",NA,NA,NA,NA,NA,NA,NA,NA,NA,10
"739",NA,NA,NA,NA,NA,NA,NA,NA,NA,10
"740",NA,NA,NA,NA,NA,NA,NA,NA,NA,10
"741",NA,NA,NA,NA,NA,NA,NA,NA,NA,10
"742",NA,NA,NA,NA,NA,NA,NA,NA,NA,10
"743",NA,NA,NA,NA,NA,NA,NA,NA,NA,10
"744",NA,NA,NA,NA,NA,NA,NA,NA,NA,10
"745",NA,NA,NA,NA,NA,NA,NA,NA,NA,10
"746",NA,NA,NA,NA,NA,6,7,NA,9,10
"747",NA,NA,NA,NA,NA,6,7,NA,9,10
"748",NA,NA,NA,NA,NA,6,7,NA,9,10
"749",NA,NA,NA,NA,NA,6,7,NA,9,10
"750",NA,NA,NA,NA,NA,6,7,NA,9,10
"751",NA,NA,NA,NA,NA,6,7,NA,9,10
"752",NA,NA,NA,NA,NA,6,7,NA,NA,10
"753",NA,NA,NA,NA,NA,6,7,NA,NA,10
"754",NA,NA,NA,NA,NA,6,7,NA,9,10
"755",NA,NA,NA,NA,NA,6,7,NA,9,10
"756",NA,NA,NA,NA,NA,6,7,NA,9,10
"757",NA,NA,NA,NA,NA,6,7,NA,9,10
"758",NA,NA,NA,NA,NA,6,7,NA,9,10
"759",NA,NA,NA,NA,NA,6,7,NA,9,10
"760",NA,NA,NA,NA,NA,6,7,NA,9,NA
"761",NA,NA,NA,NA,NA,6,7,NA,9,NA
"762",NA,NA,NA,NA,NA,NA,NA,NA,9,10
"763",NA,NA,NA,NA,NA,NA,NA,NA,9,10
"764",1,NA,NA,NA,NA,NA,NA,NA,NA,NA
"765",1,NA,NA,NA,NA,NA,NA,NA,NA,NA
"766",1,NA,NA,NA,NA,NA,NA,NA,NA,NA
"767",1,NA,NA,NA,NA,NA,NA,NA,NA,NA
"768",1,NA,NA,NA,NA,NA,NA,NA,NA,NA
"769",1,NA,NA,NA,NA,NA,NA,NA,NA,NA
"770",1,NA,NA,NA,NA,NA,NA,NA,NA,NA
"771",1,NA,NA,NA,NA,NA,NA,NA,NA,NA
"772",1,NA,NA,NA,NA,NA,NA,NA,NA,NA
"773",1,NA,NA,NA,NA,NA,NA,NA,NA,NA
"774",1,NA,NA,NA,NA,NA,NA,NA,NA,NA
"775",1,NA,NA,NA,NA,NA,NA,NA,NA,NA
"776",1,NA,NA,NA,NA,NA,NA,NA,NA,NA
"777",1,NA,NA,NA,NA,NA,NA,NA,NA,NA
"778",1,NA,NA,NA,NA,NA,NA,NA,NA,NA
"779",1,NA,NA,NA,NA,NA,NA,NA,NA,NA
"780",1,NA,NA,NA,NA,NA,NA,NA,NA,NA
"781",1,NA,NA,NA,NA,NA,NA,NA,NA,NA
"782",NA,NA,NA,NA,NA,6,7,8,NA,10
"783",NA,NA,NA,NA,NA,6,7,8,NA,10
"784",NA,NA,NA,NA,NA,6,7,8,NA,10
"785",NA,NA,NA,NA,NA,6,7,8,NA,10
"786",NA,NA,NA,NA,NA,6,7,8,NA,10
"787",NA,NA,NA,NA,NA,6,7,8,NA,10
"788",NA,NA,NA,NA,NA,6,7,8,NA,10
"789",NA,NA,NA,NA,NA,6,7,8,NA,10
"790",NA,NA,NA,NA,NA,6,7,8,NA,10
"791",NA,NA,NA,NA,NA,6,7,8,NA,10
"792",NA,NA,NA,NA,NA,6,7,8,NA,10
"793",NA,NA,NA,NA,NA,6,7,8,NA,10
"794",NA,NA,NA,NA,NA,6,7,8,NA,10
"795",NA,NA,NA,NA,NA,6,7,8,NA,10
"796",NA,NA,NA,NA,NA,6,7,8,NA,10
"797",NA,NA,NA,NA,NA,6,7,8,NA,10
"798",NA,NA,NA,NA,NA,6,NA,8,NA,10
"799",NA,NA,NA,NA,NA,6,7,8,NA,10
"800",NA,NA,NA,NA,NA,6,7,8,NA,10
"801",1,2,3,NA,5,NA,NA,NA,NA,NA
"802",1,2,3,NA,5,NA,NA,NA,NA,NA
"803",1,2,3,NA,5,NA,NA,NA,NA,NA
"804",1,2,3,NA,5,NA,NA,NA,NA,NA
"805",1,2,3,NA,5,NA,NA,NA,NA,NA
"806",1,2,3,NA,5,NA,NA,NA,NA,NA
"807",1,2,3,NA,5,NA,NA,NA,NA,NA
"808",1,NA,NA,NA,NA,NA,NA,NA,NA,NA
"809",1,2,NA,NA,NA,NA,NA,NA,NA,NA
"810",NA,2,NA,NA,NA,NA,NA,NA,NA,NA
"811",1,NA,NA,NA,NA,NA,NA,NA,NA,NA
"812",1,NA,NA,NA,NA,NA,NA,NA,NA,NA
"813",1,NA,NA,NA,NA,NA,NA,NA,NA,NA
"814",1,NA,NA,NA,NA,NA,NA,NA,NA,NA
"815",1,2,NA,NA,NA,NA,NA,NA,NA,NA
"816",1,NA,3,NA,NA,NA,NA,NA,NA,NA
"817",NA,2,3,NA,5,NA,NA,NA,NA,NA
"818",NA,2,3,NA,5,NA,NA,NA,NA,NA
"819",NA,2,3,NA,5,NA,NA,NA,NA,NA
"820",NA,2,3,NA,5,NA,NA,NA,NA,NA
"821",NA,2,3,NA,5,NA,NA,NA,NA,NA
"822",NA,2,3,NA,5,NA,NA,NA,NA,NA
"823",NA,2,3,NA,5,NA,NA,NA,NA,NA
"824",NA,2,3,NA,5,NA,NA,NA,NA,NA
"825",NA,2,3,NA,5,NA,NA,NA,NA,NA
"826",NA,2,3,NA,5,NA,NA,NA,NA,NA
"827",NA,2,3,NA,5,NA,NA,NA,NA,NA
"828",NA,2,3,NA,5,NA,NA,NA,NA,NA
"829",NA,2,3,NA,5,NA,NA,NA,NA,NA
"830",NA,2,3,NA,5,NA,NA,NA,NA,NA
"831",NA,2,3,NA,5,NA,NA,NA,NA,NA
"832",NA,2,3,NA,5,NA,NA,NA,NA,NA
"833",1,2,3,4,5,6,7,NA,9,10
"834",1,2,3,4,5,6,7,NA,9,10
"835",1,2,3,4,5,6,7,NA,9,10
"836",1,2,3,4,5,6,7,NA,9,10
"837",1,2,3,4,5,6,7,NA,9,10
"838",1,2,3,4,5,6,7,NA,9,10
"839",1,2,3,4,5,6,7,NA,9,10
"840",1,NA,3,4,NA,6,NA,NA,NA,NA
"841",1,2,3,4,5,6,7,NA,9,10
"842",1,2,3,4,5,6,7,NA,9,10
"843",NA,NA,NA,NA,5,NA,7,NA,NA,NA
"844",NA,NA,NA,NA,5,6,7,NA,9,10
"845",NA,NA,NA,NA,5,NA,7,NA,NA,NA
"846",NA,NA,NA,NA,NA,NA,7,NA,9,NA
"847",NA,NA,NA,NA,NA,NA,7,NA,9,NA
"848",NA,NA,NA,NA,5,6,7,NA,9,10
"849",NA,NA,NA,NA,5,6,7,NA,9,10
"850",NA,NA,NA,NA,5,NA,7,NA,9,10
"851",1,NA,NA,NA,NA,NA,NA,NA,NA,NA
"852",1,NA,NA,NA,NA,NA,NA,NA,NA,NA
"853",1,NA,NA,NA,NA,NA,NA,NA,NA,NA
"854",1,NA,NA,NA,NA,NA,NA,NA,NA,NA
"855",1,NA,NA,NA,NA,NA,NA,NA,NA,NA
"856",1,NA,NA,NA,NA,NA,NA,NA,NA,NA
"857",1,NA,NA,NA,NA,NA,NA,NA,NA,NA
"858",1,NA,NA,NA,NA,NA,NA,NA,NA,NA
"859",1,NA,NA,NA,NA,NA,NA,NA,NA,NA
"860",1,NA,NA,NA,NA,NA,NA,NA,NA,NA
"861",1,NA,NA,NA,NA,NA,NA,NA,NA,NA
"862",1,NA,NA,NA,NA,NA,NA,NA,NA,NA
"863",1,NA,NA,NA,NA,NA,NA,NA,NA,NA
"864",1,NA,NA,NA,NA,NA,NA,NA,NA,NA
"865",1,NA,NA,NA,NA,NA,NA,NA,NA,NA
"866",1,NA,NA,NA,NA,NA,NA,NA,NA,NA
"867",1,NA,NA,NA,NA,NA,NA,NA,NA,NA
"868",1,NA,NA,NA,NA,NA,NA,NA,NA,NA
"869",1,NA,NA,NA,NA,NA,NA,NA,NA,NA
"870",1,NA,NA,NA,NA,NA,NA,NA,NA,NA
"871",1,2,3,NA,5,6,NA,NA,NA,NA
"872",1,2,3,NA,5,6,NA,NA,NA,NA
"873",1,2,3,NA,5,6,NA,NA,NA,NA
"874",1,2,3,NA,5,6,NA,NA,NA,NA
"875",1,2,3,NA,5,6,NA,NA,NA,NA
"876",1,2,3,NA,5,6,NA,NA,NA,NA
"877",1,2,3,NA,5,NA,NA,NA,NA,NA
"878",1,2,3,NA,5,NA,NA,NA,NA,NA
"879",1,2,3,NA,NA,NA,NA,NA,NA,NA
"880",1,NA,3,NA,NA,NA,NA,NA,NA,NA
"881",NA,NA,NA,NA,5,6,NA,NA,NA,NA
"882",NA,NA,NA,NA,NA,6,NA,NA,NA,NA
"883",NA,NA,NA,NA,NA,6,NA,NA,NA,NA
"884",1,2,3,NA,5,6,NA,NA,NA,NA
"885",1,2,3,NA,5,6,NA,NA,NA,NA
"886",1,2,3,NA,5,6,NA,NA,NA,NA
"887",1,2,3,NA,5,6,NA,NA,NA,NA
"888",1,2,3,NA,5,6,NA,NA,NA,NA
"889",1,2,3,NA,5,6,NA,NA,NA,NA
"890",1,2,3,NA,5,6,NA,NA,NA,NA
"891",1,2,3,NA,5,6,NA,NA,NA,NA
"892",1,2,3,NA,5,6,NA,NA,NA,NA
"893",1,2,3,NA,5,6,NA,NA,NA,NA
"894",NA,2,NA,NA,NA,NA,NA,NA,9,NA
"895",NA,2,3,4,5,6,7,NA,9,NA
"896",NA,2,3,NA,NA,NA,NA,NA,9,NA
"897",NA,2,3,4,5,6,7,NA,9,NA
"898",NA,2,NA,NA,NA,NA,NA,NA,9,NA
"899",NA,2,NA,NA,NA,NA,NA,NA,9,NA
"900",NA,2,3,4,5,6,7,NA,9,NA
"901",NA,2,NA,4,5,6,7,NA,9,NA
"902",NA,2,NA,4,NA,NA,NA,NA,9,NA
"903",NA,2,3,4,NA,NA,NA,NA,NA,NA
"904",NA,NA,NA,NA,NA,6,7,NA,9,NA
"905",NA,2,NA,NA,NA,NA,NA,NA,NA,NA
"906",NA,2,NA,NA,NA,NA,NA,NA,NA,NA
"907",NA,2,3,4,5,6,7,NA,9,NA
"908",NA,2,3,4,5,6,7,NA,9,NA
"909",NA,2,3,4,5,6,7,NA,9,NA
"910",NA,2,3,4,5,6,7,NA,NA,NA
"911",NA,2,3,4,5,6,7,NA,9,NA
"912",NA,2,NA,NA,NA,NA,NA,NA,NA,NA
"913",NA,2,NA,4,5,6,7,NA,9,NA
"914",NA,NA,NA,NA,NA,NA,NA,NA,9,NA
"915",NA,NA,3,NA,5,6,7,8,9,10
"916",NA,NA,3,NA,5,6,7,8,9,10
"917",NA,NA,3,NA,5,6,7,8,9,10
"918",NA,NA,3,NA,5,6,7,8,9,10
"919",NA,NA,3,NA,5,6,7,8,9,10
"920",NA,NA,3,NA,5,6,7,8,9,10
"921",NA,NA,3,NA,5,6,7,8,9,10
"922",NA,NA,3,NA,5,6,7,8,9,10
"923",NA,NA,3,NA,5,6,7,8,9,10
"924",NA,NA,3,NA,5,6,7,8,9,10
"925",NA,NA,3,NA,5,6,7,8,9,10
"926",NA,NA,3,NA,5,6,7,8,9,10
"927",NA,NA,3,NA,5,6,7,8,9,10
"928",NA,NA,3,NA,5,6,7,8,9,10
"929",NA,NA,3,NA,5,6,7,8,9,10
"930",NA,NA,3,NA,5,6,7,8,9,10
"931",NA,NA,3,NA,5,6,7,8,9,10
"932",NA,NA,3,NA,5,6,7,8,9,10
"933",NA,NA,NA,NA,5,NA,7,8,9,10
"934",NA,NA,NA,NA,5,NA,7,8,9,10
"935",NA,NA,NA,NA,5,NA,NA,8,NA,NA
"936",NA,NA,NA,NA,5,NA,7,8,9,10
"937",NA,NA,NA,NA,5,NA,7,8,NA,NA
"938",NA,NA,NA,NA,5,NA,7,8,NA,NA
"939",NA,NA,NA,NA,5,NA,NA,8,NA,NA
"940",NA,NA,NA,NA,5,NA,NA,8,NA,NA
"941",NA,NA,NA,NA,5,NA,NA,8,9,10
"942",NA,NA,NA,NA,5,NA,7,8,9,10
"943",NA,NA,NA,NA,5,NA,7,8,NA,NA
"944",NA,NA,NA,NA,5,NA,7,8,NA,NA
"945",NA,NA,NA,NA,5,NA,NA,NA,9,10
"946",NA,NA,NA,NA,5,NA,NA,NA,NA,NA
"947",NA,NA,NA,NA,5,NA,NA,NA,NA,10
"948",NA,NA,NA,NA,5,NA,NA,8,NA,10
"949",NA,NA,NA,NA,5,NA,NA,NA,NA,NA
"950",NA,NA,NA,NA,5,NA,NA,NA,NA,NA
"951",NA,NA,NA,NA,5,NA,NA,NA,NA,NA
"952",NA,NA,NA,NA,5,NA,NA,8,NA,NA
"953",NA,NA,NA,NA,5,NA,7,NA,NA,NA
"954",NA,NA,NA,NA,5,NA,7,8,NA,NA
"955",1,2,3,NA,5,NA,NA,NA,NA,NA
"956",1,2,3,NA,5,NA,NA,NA,NA,NA
"957",1,2,3,NA,5,NA,NA,NA,NA,NA
"958",1,NA,NA,NA,5,NA,NA,NA,NA,NA
"959",1,2,3,NA,5,NA,NA,NA,NA,NA
"960",1,2,3,NA,5,NA,NA,NA,NA,NA
"961",1,2,3,NA,5,NA,NA,NA,NA,NA
"962",1,2,3,NA,5,NA,NA,NA,NA,NA
"963",1,2,3,NA,5,NA,NA,NA,NA,NA
"964",1,2,3,NA,5,NA,NA,NA,NA,NA
"965",1,2,3,NA,5,NA,NA,NA,NA,NA
"966",1,2,3,NA,5,NA,NA,NA,NA,NA
"967",1,2,3,NA,5,NA,NA,NA,NA,NA
"968",1,2,3,NA,5,NA,NA,NA,NA,NA
"969",1,2,3,NA,5,NA,NA,NA,NA,NA
"970",1,2,3,NA,5,NA,NA,NA,NA,NA
"971",1,2,3,NA,5,NA,NA,NA,NA,NA
"972",1,2,3,NA,5,NA,NA,NA,NA,NA
"973",1,2,3,NA,5,NA,NA,NA,NA,NA
"974",1,2,3,NA,5,NA,NA,NA,NA,NA
"975",NA,NA,NA,NA,NA,NA,NA,NA,NA,10
"976",NA,2,3,NA,5,6,NA,8,9,NA
"977",NA,2,3,NA,NA,NA,NA,NA,NA,NA
"978",NA,2,3,NA,NA,NA,NA,NA,NA,NA
"979",NA,2,3,NA,5,6,NA,8,9,10
"980",NA,2,3,NA,5,6,NA,8,9,10
"981",NA,2,3,NA,5,6,NA,8,9,10
"982",NA,2,3,NA,5,6,NA,8,9,10
"983",NA,2,3,NA,5,6,NA,8,9,10
"984",NA,2,3,NA,5,6,NA,8,9,10
"985",NA,2,3,NA,5,6,NA,8,9,10
"986",NA,2,3,NA,5,6,NA,8,9,10
"987",NA,2,3,NA,5,6,NA,8,9,10
"988",NA,2,3,NA,5,6,NA,8,9,10
"989",NA,2,3,NA,5,6,NA,8,9,10
"990",NA,2,3,NA,NA,6,NA,NA,NA,10
"991",NA,2,3,NA,5,6,NA,8,9,10
"992",NA,2,NA,NA,5,6,NA,NA,9,10
"993",NA,2,NA,NA,5,6,NA,NA,9,NA
"994",NA,NA,NA,NA,5,NA,NA,8,9,NA
"995",NA,NA,NA,NA,5,6,NA,8,9,NA
"996",NA,NA,NA,NA,5,6,NA,8,9,NA
"997",NA,NA,NA,NA,5,6,NA,8,9,10
"998",NA,NA,NA,NA,5,6,NA,8,9,10
"999",1,2,3,4,NA,NA,NA,NA,NA,NA
"1000",1,2,3,4,NA,NA,NA,NA,NA,NA
"1001",1,2,3,4,NA,NA,NA,NA,NA,NA
"1002",1,2,3,4,NA,NA,NA,NA,NA,NA
"1003",1,2,3,4,NA,NA,NA,NA,NA,NA
"1004",1,2,3,4,NA,NA,NA,NA,NA,NA
"1005",1,2,3,4,NA,NA,NA,NA,NA,NA
"1006",1,2,3,4,NA,NA,NA,NA,NA,NA
"1007",1,2,3,4,NA,NA,NA,NA,NA,NA
"1008",1,2,3,4,NA,NA,NA,NA,NA,NA
"1009",1,NA,NA,NA,NA,NA,NA,NA,NA,NA
"1010",1,2,3,4,NA,NA,NA,NA,NA,NA
"1011",1,2,3,4,NA,NA,NA,NA,NA,NA
"1012",1,2,3,4,NA,NA,NA,NA,NA,NA
"1013",1,2,3,4,NA,NA,NA,NA,NA,NA
"1014",1,2,3,4,NA,NA,NA,NA,NA,NA
"1015",1,2,3,4,NA,NA,NA,NA,NA,NA
"1016",1,2,3,4,NA,NA,NA,NA,NA,NA
"1017",1,2,3,4,NA,NA,NA,NA,NA,NA
"1018",1,2,NA,NA,NA,NA,NA,NA,NA,NA
"1019",NA,NA,NA,NA,NA,NA,NA,NA,9,10
"1020",NA,NA,NA,NA,NA,NA,NA,NA,9,NA
"1021",NA,NA,NA,NA,NA,NA,NA,NA,9,NA
"1022",NA,NA,NA,NA,NA,NA,NA,NA,9,10
"1023",NA,NA,NA,NA,NA,NA,NA,NA,NA,10
"1024",NA,NA,NA,NA,NA,NA,NA,NA,9,10
"1025",NA,NA,NA,NA,NA,NA,NA,NA,9,10
"1026",NA,NA,NA,NA,NA,NA,NA,NA,9,10
"1027",NA,NA,NA,NA,NA,NA,NA,NA,9,10
"1028",NA,NA,NA,NA,NA,NA,NA,NA,9,10
"1029",NA,NA,NA,NA,NA,NA,NA,NA,9,10
"1030",NA,NA,NA,NA,NA,NA,NA,NA,9,NA
"1031",NA,NA,NA,NA,NA,NA,NA,NA,9,10
"1032",NA,NA,NA,NA,NA,NA,NA,NA,9,10
"1033",NA,NA,NA,NA,NA,NA,NA,NA,NA,10
"1034",1,2,3,4,5,6,7,NA,NA,NA
"1035",1,2,3,4,5,6,7,NA,NA,NA
"1036",1,2,3,4,5,6,7,NA,NA,NA
"1037",1,2,3,4,5,6,7,NA,NA,NA
"1038",1,2,3,4,5,6,7,NA,NA,NA
"1039",1,2,3,4,5,6,7,NA,NA,NA
"1040",1,2,3,4,5,6,7,NA,NA,NA
"1041",1,2,3,4,5,6,7,NA,NA,NA
"1042",1,2,3,4,5,6,7,NA,NA,NA
"1043",1,2,3,4,5,6,7,NA,NA,NA
"1044",1,2,3,4,5,6,7,NA,NA,NA
"1045",1,2,3,4,5,6,7,NA,NA,NA
"1046",1,2,3,4,5,6,7,NA,NA,NA
"1047",1,2,3,4,5,6,7,NA,NA,NA
"1048",1,2,3,4,5,6,7,NA,NA,NA
"1049",1,2,3,4,5,6,7,NA,NA,NA
"1050",1,2,3,4,5,6,7,NA,NA,NA
"1051",1,2,3,4,5,6,7,NA,NA,NA
"1052",1,2,3,4,5,6,7,NA,NA,NA
"1053",1,2,3,4,5,6,7,NA,NA,NA
"1054",NA,NA,NA,NA,NA,NA,7,8,NA,10
"1055",NA,NA,NA,NA,NA,NA,7,8,NA,10
"1056",NA,NA,NA,NA,NA,NA,7,8,NA,10
"1057",NA,NA,NA,NA,NA,NA,7,8,NA,10
"1058",NA,NA,NA,NA,NA,NA,7,8,NA,10
"1059",NA,NA,NA,NA,NA,NA,7,8,NA,10
"1060",NA,NA,NA,NA,NA,NA,7,8,NA,10
"1061",NA,NA,NA,NA,NA,NA,7,8,NA,10
"1062",NA,NA,NA,NA,NA,NA,7,8,NA,10
"1063",NA,NA,NA,NA,NA,NA,7,8,NA,10
"1064",NA,NA,NA,NA,NA,NA,7,8,NA,10
"1065",NA,NA,NA,NA,NA,NA,7,8,NA,10
"1066",1,2,NA,NA,NA,NA,NA,NA,NA,NA
"1067",1,2,NA,NA,NA,NA,NA,NA,NA,NA
"1068",1,2,NA,NA,NA,NA,NA,NA,9,10
"1069",1,2,NA,NA,NA,NA,7,NA,9,10
"1070",1,2,NA,NA,5,NA,NA,NA,9,NA
"1071",1,2,NA,NA,NA,NA,NA,NA,NA,NA
"1072",1,2,3,NA,NA,NA,NA,NA,NA,NA
"1073",1,2,3,NA,NA,NA,NA,NA,NA,NA
"1074",1,2,3,NA,NA,NA,NA,NA,NA,NA
"1075",1,2,3,NA,5,6,7,NA,9,10
"1076",1,2,3,NA,5,6,7,NA,9,10
"1077",1,2,3,NA,5,6,7,NA,9,10
"1078",1,2,3,NA,NA,NA,NA,NA,NA,NA
"1079",1,2,3,NA,NA,NA,NA,NA,NA,NA
"1080",1,2,3,NA,NA,NA,NA,NA,NA,NA
"1081",1,2,3,NA,NA,NA,NA,NA,NA,NA
"1082",1,2,3,NA,NA,NA,NA,NA,NA,NA
"1083",1,2,3,NA,NA,NA,NA,NA,NA,NA
"1084",1,NA,3,NA,NA,NA,NA,NA,NA,NA
"1085",1,2,NA,4,5,6,7,8,9,10
"1086",1,2,NA,4,5,6,7,8,9,10
"1087",1,2,NA,4,5,6,7,8,9,10
"1088",1,2,NA,4,5,6,7,8,9,10
"1089",1,2,NA,4,5,6,7,8,9,10
"1090",1,2,NA,4,5,6,7,8,9,10
"1091",1,2,NA,4,5,6,7,8,9,10
"1092",1,2,NA,4,5,6,7,8,9,10
"1093",1,2,NA,4,5,6,7,8,9,10
"1094",1,2,NA,4,5,6,7,8,9,10
"1095",1,2,NA,4,5,6,7,8,9,10
"1096",1,2,NA,4,5,6,7,8,9,10
"1097",1,2,NA,4,5,6,7,8,9,10
"1098",1,2,NA,4,5,6,7,8,9,10
"1099",1,2,NA,4,5,6,7,8,9,10
"1100",1,2,NA,4,5,6,7,8,9,10
"1101",1,2,NA,4,5,6,7,8,9,10
"1102",1,2,NA,4,5,6,7,8,9,10
"1103",1,2,NA,4,5,6,7,8,9,10
"1104",1,2,NA,4,5,6,7,NA,9,10
"1105",NA,NA,NA,NA,NA,NA,7,8,NA,10
"1106",NA,NA,NA,NA,NA,NA,7,8,NA,10
"1107",NA,NA,NA,NA,NA,NA,7,8,NA,10
"1108",NA,NA,NA,NA,NA,NA,7,8,NA,10
"1109",NA,NA,NA,NA,NA,NA,7,8,NA,10
"1110",NA,NA,NA,NA,NA,NA,7,8,NA,10
"1111",NA,NA,NA,NA,NA,6,7,8,NA,10
"1112",NA,NA,NA,NA,NA,NA,7,8,NA,10
"1113",NA,NA,NA,NA,NA,6,7,8,NA,10
"1114",NA,NA,NA,NA,NA,6,7,NA,NA,NA
"1115",NA,NA,NA,NA,NA,6,7,8,NA,NA
"1116",NA,NA,NA,NA,NA,6,7,NA,NA,NA
"1117",NA,NA,NA,NA,NA,6,NA,NA,NA,NA
"1118",NA,NA,NA,NA,NA,6,NA,NA,NA,NA
"1119",NA,NA,NA,NA,NA,6,7,NA,NA,NA
"1120",NA,NA,NA,NA,NA,6,NA,NA,NA,NA
"1121",NA,NA,NA,NA,NA,6,7,8,NA,10
"1122",NA,NA,NA,4,5,NA,NA,NA,9,NA
"1123",NA,NA,NA,4,NA,NA,NA,NA,NA,NA
"1124",NA,NA,NA,4,5,6,7,8,9,10
"1125",NA,NA,NA,4,NA,NA,NA,NA,NA,NA
"1126",NA,NA,NA,4,5,NA,NA,NA,9,NA
"1127",NA,NA,NA,4,5,6,7,8,9,10
"1128",NA,NA,NA,4,5,6,7,8,9,10
"1129",NA,NA,NA,4,5,6,7,8,9,10
"1130",NA,NA,NA,4,5,6,7,8,9,10
"1131",NA,NA,NA,4,5,6,7,8,9,10
"1132",NA,NA,NA,4,NA,NA,NA,NA,9,10
"1133",NA,NA,NA,4,NA,NA,7,NA,9,NA
"1134",NA,NA,NA,4,NA,NA,7,8,NA,10
"1135",NA,NA,NA,4,NA,NA,7,8,NA,NA
"1136",NA,NA,NA,4,NA,NA,7,8,9,NA
"1137",NA,NA,NA,4,5,6,7,8,9,10
"1138",NA,NA,NA,4,5,6,7,8,9,10
"1139",NA,NA,NA,4,5,6,7,8,9,10
"1140",NA,NA,NA,4,NA,NA,7,8,NA,NA
"1141",NA,NA,NA,4,5,6,7,8,9,10
"1142",NA,NA,NA,4,NA,NA,7,8,9,NA
"1143",NA,NA,NA,4,5,6,NA,8,NA,10
"1144",NA,NA,NA,4,5,6,NA,8,NA,10
"1145",NA,NA,NA,4,5,6,NA,8,NA,10
"1146",NA,NA,NA,4,5,6,NA,8,NA,10
"1147",NA,NA,NA,4,5,6,NA,8,NA,10
"1148",NA,NA,NA,4,5,6,NA,8,NA,10
"1149",NA,NA,NA,4,5,6,NA,8,NA,10
"1150",NA,NA,NA,4,5,6,NA,8,NA,10
"1151",NA,NA,NA,4,5,6,NA,8,NA,10
"1152",NA,NA,NA,4,5,6,NA,8,NA,10
"1153",NA,NA,NA,4,5,6,NA,8,NA,10
"1154",NA,NA,NA,4,5,6,NA,8,NA,10
"1155",NA,NA,NA,4,5,6,NA,8,NA,10
"1156",NA,NA,NA,4,5,6,NA,8,NA,10
"1157",NA,NA,NA,4,5,6,NA,8,NA,10
"1158",NA,NA,NA,4,5,6,NA,8,NA,10
"1159",NA,NA,NA,4,5,6,NA,8,NA,10
"1160",NA,NA,NA,4,5,6,NA,8,NA,10
"1161",NA,NA,NA,4,5,6,NA,8,NA,10
"1162",NA,NA,NA,NA,NA,NA,NA,NA,NA,10
"1163",NA,NA,NA,NA,NA,NA,NA,NA,NA,10
"1164",NA,NA,NA,NA,NA,NA,NA,NA,NA,10
"1165",NA,NA,NA,NA,NA,NA,NA,NA,NA,10
"1166",NA,NA,NA,NA,NA,NA,NA,NA,NA,10
"1167",NA,NA,NA,NA,NA,NA,NA,NA,NA,10
"1168",NA,NA,NA,NA,NA,NA,NA,NA,NA,10
"1169",NA,NA,NA,NA,NA,NA,NA,NA,NA,10
"1170",NA,NA,NA,NA,NA,NA,NA,NA,NA,10
"1171",NA,NA,NA,NA,NA,NA,NA,NA,NA,10
"1172",NA,NA,NA,NA,NA,NA,NA,NA,NA,10
"1173",NA,NA,NA,NA,NA,NA,NA,NA,NA,10
"1174",NA,NA,NA,NA,NA,NA,NA,NA,NA,10
"1175",NA,NA,NA,NA,NA,NA,NA,NA,NA,10
"1176",NA,NA,NA,NA,NA,NA,NA,NA,NA,10
"1177",NA,NA,NA,NA,NA,NA,NA,NA,NA,10
"1178",NA,NA,NA,NA,NA,NA,NA,NA,NA,10
"1179",NA,NA,NA,NA,NA,6,7,8,9,NA
"1180",NA,NA,NA,NA,NA,6,7,8,9,NA
"1181",NA,NA,NA,NA,NA,6,7,8,9,NA
"1182",NA,NA,NA,NA,NA,6,7,8,9,NA
"1183",NA,NA,NA,NA,NA,6,7,8,9,NA
"1184",NA,NA,NA,NA,NA,6,7,8,9,NA
"1185",NA,NA,NA,NA,NA,6,7,8,9,NA
"1186",NA,NA,NA,NA,NA,6,7,8,9,NA
"1187",NA,NA,NA,NA,NA,6,7,8,9,NA
"1188",NA,NA,NA,NA,NA,6,NA,8,9,NA
"1189",NA,NA,NA,NA,NA,6,7,8,9,NA
"1190",NA,NA,NA,NA,NA,6,7,8,9,NA
"1191",NA,NA,NA,NA,NA,6,7,8,9,NA
"1192",NA,NA,NA,NA,NA,6,7,8,9,NA
"1193",NA,NA,NA,NA,NA,6,7,8,9,NA
"1194",NA,NA,NA,NA,NA,6,7,8,9,NA
"1195",NA,NA,NA,NA,NA,6,NA,8,9,NA
"1196",NA,NA,NA,NA,NA,6,NA,8,9,NA
"1197",NA,NA,NA,NA,NA,6,NA,8,9,NA
"1198",NA,NA,NA,NA,NA,NA,NA,NA,NA,10
"1199",NA,NA,NA,NA,NA,NA,NA,NA,NA,10
"1200",NA,NA,NA,NA,NA,NA,NA,NA,NA,10
"1201",NA,NA,NA,NA,NA,NA,NA,NA,NA,10
"1202",NA,NA,NA,NA,NA,NA,NA,NA,NA,10
"1203",NA,NA,NA,NA,NA,NA,NA,NA,NA,10
"1204",NA,NA,NA,NA,NA,NA,NA,NA,NA,10
"1205",NA,NA,NA,NA,NA,NA,NA,NA,NA,10
"1206",NA,NA,NA,NA,NA,NA,NA,NA,NA,10
"1207",NA,NA,NA,NA,NA,NA,NA,NA,NA,10
"1208",NA,NA,NA,NA,NA,NA,NA,NA,NA,10
"1209",NA,NA,NA,NA,NA,NA,NA,NA,NA,10
"1210",NA,NA,NA,NA,NA,NA,NA,NA,NA,10
"1211",NA,NA,NA,NA,NA,NA,NA,NA,NA,10
"1212",NA,NA,NA,NA,NA,NA,NA,NA,NA,10
"1213",NA,NA,NA,NA,NA,NA,NA,NA,NA,10
"1214",NA,NA,NA,NA,NA,NA,NA,NA,NA,10
"1215",NA,NA,NA,NA,NA,NA,NA,NA,NA,10
"1216",NA,NA,NA,NA,NA,NA,NA,NA,NA,10
"1217",NA,NA,NA,NA,NA,NA,NA,NA,NA,10
"1218",NA,2,NA,NA,NA,NA,NA,NA,NA,NA
"1219",NA,2,NA,NA,NA,NA,NA,NA,NA,NA
"1220",NA,2,NA,NA,NA,NA,NA,NA,NA,NA
"1221",NA,2,NA,NA,NA,NA,NA,NA,NA,NA
"1222",NA,2,NA,NA,NA,NA,NA,NA,NA,NA
"1223",NA,2,NA,NA,NA,NA,NA,NA,NA,NA
"1224",NA,2,NA,NA,NA,NA,NA,NA,NA,NA
"1225",NA,2,NA,NA,NA,NA,NA,NA,NA,NA
"1226",NA,2,NA,NA,NA,NA,NA,NA,NA,NA
"1227",NA,2,NA,NA,NA,NA,NA,NA,NA,NA
"1228",NA,2,NA,NA,NA,NA,NA,NA,NA,NA
"1229",NA,2,NA,NA,NA,NA,NA,NA,NA,NA
"1230",NA,2,NA,NA,NA,NA,NA,NA,NA,NA
"1231",NA,2,NA,NA,NA,NA,NA,NA,NA,NA
"1232",NA,2,NA,NA,NA,NA,NA,NA,NA,NA
"1233",NA,2,NA,NA,NA,NA,NA,NA,NA,NA
"1234",1,2,3,NA,NA,NA,NA,NA,NA,NA
"1235",1,2,3,NA,NA,NA,NA,NA,NA,NA
"1236",1,2,3,NA,NA,NA,NA,NA,NA,NA
"1237",1,2,3,NA,NA,NA,NA,NA,NA,NA
"1238",1,2,3,NA,NA,NA,NA,NA,NA,NA
"1239",1,2,3,NA,NA,NA,NA,NA,NA,NA
"1240",1,2,3,NA,NA,NA,NA,NA,NA,NA
"1241",1,2,3,NA,NA,NA,NA,NA,NA,NA
"1242",1,2,3,NA,NA,NA,NA,NA,NA,NA
"1243",1,2,3,NA,NA,NA,NA,NA,NA,NA
"1244",1,2,3,NA,NA,NA,NA,NA,NA,NA
"1245",1,2,3,NA,NA,NA,NA,NA,NA,NA
"1246",1,2,3,NA,NA,NA,NA,NA,NA,NA
"1247",1,2,3,NA,NA,NA,NA,NA,NA,NA
"1248",1,2,3,NA,NA,NA,NA,NA,NA,NA
"1249",1,2,3,NA,NA,NA,NA,NA,NA,NA
"1250",1,2,3,NA,NA,NA,NA,NA,NA,NA
"1251",1,2,3,NA,NA,NA,NA,NA,NA,NA
"1252",NA,NA,NA,NA,NA,6,NA,8,9,10
"1253",NA,NA,NA,NA,NA,6,NA,8,9,10
"1254",NA,NA,NA,NA,NA,6,NA,8,9,NA
"1255",NA,NA,NA,NA,NA,6,NA,8,9,NA
"1256",NA,NA,NA,NA,NA,6,NA,8,9,NA
"1257",NA,NA,NA,NA,NA,6,NA,8,9,NA
"1258",NA,NA,NA,NA,NA,6,NA,8,9,NA
"1259",NA,NA,NA,NA,NA,6,NA,8,9,NA
"1260",NA,NA,NA,NA,NA,6,NA,8,9,NA
"1261",NA,NA,NA,NA,NA,6,NA,8,9,NA
"1262",NA,NA,NA,NA,NA,6,NA,8,9,NA
"1263",NA,NA,NA,NA,NA,6,NA,8,9,NA
"1264",NA,NA,NA,NA,NA,6,NA,8,9,NA
"1265",NA,NA,NA,NA,NA,6,NA,8,9,NA
"1266",NA,NA,NA,NA,NA,6,NA,8,9,NA
"1267",NA,NA,NA,NA,NA,6,NA,8,9,NA
"1268",NA,2,NA,NA,NA,NA,NA,NA,NA,NA
"1269",NA,2,NA,NA,NA,NA,NA,NA,NA,NA
"1270",NA,2,NA,NA,NA,NA,NA,NA,NA,NA
"1271",NA,2,NA,NA,NA,NA,NA,NA,NA,NA
"1272",NA,2,NA,NA,NA,NA,NA,NA,NA,NA
"1273",NA,2,NA,NA,NA,NA,NA,NA,NA,NA
"1274",NA,2,NA,NA,NA,NA,NA,NA,NA,NA
"1275",NA,2,NA,NA,NA,NA,NA,NA,NA,NA
"1276",NA,2,NA,NA,NA,NA,NA,NA,NA,NA
"1277",NA,2,NA,NA,NA,NA,NA,NA,NA,NA
"1278",NA,2,NA,NA,NA,NA,NA,NA,NA,NA
"1279",NA,2,NA,NA,NA,NA,NA,NA,NA,NA
"1280",NA,2,NA,NA,NA,NA,NA,NA,NA,NA
"1281",NA,2,NA,NA,NA,NA,NA,NA,NA,NA
"1282",NA,2,NA,NA,NA,NA,NA,NA,NA,NA
"1283",NA,2,NA,NA,NA,NA,NA,NA,NA,NA
"1284",NA,2,NA,NA,NA,NA,NA,NA,NA,NA
"1285",NA,2,NA,NA,NA,NA,NA,NA,NA,NA
"1286",NA,2,NA,NA,NA,NA,NA,NA,NA,NA
"1287",1,2,3,NA,NA,NA,7,NA,NA,NA
"1288",1,2,3,4,5,6,7,8,NA,10
"1289",1,2,3,4,5,6,7,8,NA,10
"1290",1,2,3,4,5,6,7,8,NA,10
"1291",1,2,3,4,5,6,7,8,NA,10
"1292",NA,NA,NA,4,NA,NA,NA,NA,NA,NA
"1293",1,2,3,4,5,6,7,8,NA,10
"1294",1,2,3,4,5,6,7,8,NA,10
"1295",1,2,3,4,5,6,7,8,NA,10
"1296",NA,2,NA,NA,5,NA,NA,NA,NA,NA
"1297",NA,NA,NA,NA,5,NA,NA,8,NA,10
"1298",1,2,3,4,5,6,7,8,NA,10
"1299",NA,NA,3,4,5,NA,NA,8,NA,NA
"1300",1,2,3,4,5,6,7,8,NA,10
"1301",NA,NA,3,NA,5,NA,NA,8,NA,NA
"1302",NA,NA,NA,4,NA,NA,NA,NA,NA,NA
"1303",1,2,3,4,5,NA,NA,8,NA,NA
"1304",NA,NA,3,4,5,NA,7,NA,NA,NA
"1305",NA,NA,3,4,5,NA,7,NA,NA,NA
"1306",1,NA,NA,NA,NA,NA,NA,NA,NA,NA
"1307",1,NA,NA,NA,NA,NA,NA,NA,NA,NA
"1308",1,NA,NA,NA,NA,NA,NA,NA,NA,NA
"1309",1,NA,NA,NA,NA,NA,NA,NA,NA,NA
"1310",1,NA,NA,NA,NA,NA,NA,NA,NA,NA
"1311",1,NA,NA,NA,NA,NA,NA,NA,NA,NA
"1312",1,NA,NA,NA,NA,NA,NA,NA,NA,NA
"1313",1,NA,NA,NA,NA,NA,NA,NA,NA,NA
"1314",1,NA,NA,NA,NA,NA,NA,NA,NA,NA
"1315",1,NA,NA,NA,NA,NA,NA,NA,NA,NA
"1316",1,NA,NA,NA,NA,NA,NA,NA,NA,NA
"1317",1,NA,3,NA,NA,NA,NA,NA,NA,NA
"1318",1,NA,3,NA,NA,NA,NA,NA,NA,NA
"1319",1,NA,3,NA,NA,NA,NA,NA,NA,NA
"1320",1,NA,3,NA,NA,NA,NA,NA,NA,NA
"1321",1,NA,3,NA,NA,NA,NA,NA,NA,NA
"1322",1,NA,3,4,5,NA,NA,8,NA,NA
"1323",1,NA,3,NA,NA,NA,NA,NA,NA,NA
"1324",1,NA,3,4,5,NA,NA,8,NA,NA
"1325",1,NA,3,4,5,NA,NA,8,NA,NA
"1326",1,NA,3,4,5,NA,NA,8,NA,NA
"1327",1,NA,3,4,5,NA,NA,NA,NA,NA
"1328",1,NA,3,4,5,NA,NA,NA,NA,NA
"1329",1,NA,3,4,5,NA,NA,NA,NA,NA
"1330",1,NA,3,4,5,NA,NA,NA,NA,NA
"1331",1,NA,3,4,5,NA,NA,NA,NA,NA
"1332",1,NA,3,4,5,NA,NA,NA,NA,NA
"1333",1,NA,3,NA,NA,NA,NA,NA,NA,NA
"1334",1,NA,3,NA,NA,NA,NA,NA,NA,NA
"1335",1,NA,3,4,5,NA,NA,NA,NA,NA
"1336",1,NA,3,4,5,NA,NA,NA,NA,NA
"1337",1,2,3,4,NA,6,7,8,9,10
"1338",1,2,3,4,NA,6,7,8,9,10
"1339",1,2,3,4,NA,6,7,8,9,10
"1340",1,2,3,4,NA,6,7,8,9,10
"1341",1,2,3,4,NA,6,7,8,9,10
"1342",1,2,3,4,NA,6,7,8,9,10
"1343",1,2,3,4,NA,6,7,8,9,10
"1344",1,2,3,4,NA,6,7,8,9,10
"1345",1,2,3,4,NA,6,7,8,9,10
"1346",1,2,3,4,NA,6,7,8,9,10
"1347",1,2,3,4,NA,6,7,8,9,10
"1348",1,2,3,4,NA,6,7,8,9,10
"1349",1,2,3,4,NA,6,7,8,9,10
"1350",1,2,3,4,NA,6,7,8,9,10
"1351",1,2,3,4,NA,6,7,8,9,10
"1352",1,2,3,4,NA,6,7,8,9,10
"1353",1,2,3,4,NA,6,7,8,9,10
"1354",1,2,3,4,NA,6,7,8,9,10
"1355",1,2,3,4,NA,6,7,8,9,10
"1356",1,2,3,4,NA,6,7,8,9,10
"1357",NA,NA,NA,NA,NA,NA,NA,NA,NA,10
"1358",NA,NA,NA,NA,NA,NA,NA,NA,NA,10
"1359",NA,NA,NA,NA,NA,NA,NA,NA,NA,10
"1360",NA,NA,NA,NA,NA,NA,NA,NA,NA,10
"1361",NA,NA,NA,NA,NA,NA,NA,NA,NA,10
"1362",NA,NA,NA,NA,NA,NA,NA,NA,NA,10
"1363",NA,NA,NA,NA,NA,NA,NA,NA,NA,10
"1364",NA,NA,NA,NA,NA,NA,NA,NA,NA,10
"1365",NA,NA,NA,NA,NA,NA,NA,NA,NA,10
"1366",NA,NA,NA,NA,NA,NA,NA,NA,NA,10
"1367",NA,NA,NA,NA,NA,NA,NA,NA,NA,10
"1368",NA,NA,NA,NA,NA,NA,NA,NA,NA,10
"1369",NA,NA,NA,NA,NA,NA,NA,NA,NA,10
"1370",NA,NA,NA,NA,NA,NA,NA,NA,NA,10
"1371",NA,NA,NA,NA,NA,NA,NA,NA,NA,10
"1372",NA,NA,NA,NA,NA,NA,NA,NA,NA,10
"1373",NA,NA,NA,NA,NA,NA,NA,NA,NA,10
"1374",NA,NA,NA,NA,NA,NA,NA,NA,NA,10
"1375",NA,NA,NA,NA,NA,NA,NA,NA,NA,10
"1376",NA,NA,NA,NA,NA,NA,NA,NA,NA,10
"1377",NA,NA,NA,NA,NA,NA,NA,NA,NA,10
"1378",NA,NA,NA,NA,NA,NA,NA,NA,9,10
"1379",NA,NA,NA,NA,NA,NA,NA,NA,9,10
"1380",NA,NA,NA,NA,NA,NA,NA,NA,9,10
"1381",NA,NA,NA,NA,NA,NA,NA,NA,9,10
"1382",NA,NA,NA,NA,NA,NA,NA,NA,9,10
"1383",NA,NA,NA,NA,NA,NA,NA,NA,9,10
"1384",NA,NA,NA,NA,NA,NA,NA,NA,9,10
"1385",NA,NA,NA,NA,NA,NA,NA,NA,9,10
"1386",NA,NA,NA,NA,NA,NA,NA,NA,9,10
"1387",NA,NA,NA,NA,NA,NA,NA,NA,9,10
"1388",NA,NA,NA,NA,NA,NA,NA,NA,9,10
"1389",NA,NA,NA,NA,NA,NA,NA,NA,9,10
"1390",NA,NA,NA,NA,NA,NA,NA,NA,9,10
"1391",NA,NA,NA,NA,NA,NA,NA,NA,9,10
"1392",NA,NA,NA,NA,NA,NA,NA,NA,9,10
"1393",NA,NA,NA,NA,NA,NA,NA,NA,9,10
"1394",NA,NA,NA,NA,NA,NA,NA,NA,9,10
"1395",NA,NA,NA,NA,NA,NA,NA,NA,9,10
"1396",NA,NA,NA,NA,NA,NA,NA,NA,9,10
"1397",NA,NA,NA,NA,NA,NA,NA,NA,9,10
"1398",NA,NA,NA,NA,NA,NA,NA,NA,9,NA
"1399",NA,NA,NA,NA,NA,NA,NA,NA,9,10
"1400",NA,NA,NA,NA,NA,NA,NA,NA,9,10
"1401",NA,NA,NA,NA,NA,NA,NA,NA,9,10
"1402",NA,NA,NA,NA,NA,NA,NA,NA,9,10
"1403",NA,NA,NA,NA,NA,NA,NA,NA,9,10
"1404",NA,NA,NA,NA,NA,NA,NA,NA,9,10
"1405",NA,NA,NA,NA,NA,NA,NA,NA,9,10
"1406",NA,NA,NA,NA,NA,NA,NA,NA,9,10
"1407",NA,NA,NA,NA,NA,NA,NA,NA,9,10
"1408",NA,NA,NA,NA,NA,NA,NA,NA,9,10
"1409",NA,NA,NA,NA,NA,NA,NA,NA,9,10
"1410",NA,NA,NA,NA,NA,NA,NA,NA,9,10
"1411",NA,NA,NA,NA,NA,NA,NA,NA,9,10
"1412",NA,NA,NA,NA,NA,NA,NA,8,9,10
"1413",NA,NA,NA,NA,NA,NA,NA,8,9,10
"1414",NA,NA,NA,NA,NA,NA,NA,8,9,10
"1415",NA,NA,NA,NA,NA,NA,NA,8,NA,10
"1416",NA,NA,NA,NA,NA,NA,NA,NA,NA,10
"1417",NA,NA,NA,NA,NA,NA,NA,8,9,10
"1418",NA,NA,NA,NA,NA,NA,NA,8,NA,10
"1419",NA,NA,NA,NA,NA,NA,NA,8,NA,10
"1420",NA,NA,NA,NA,NA,NA,7,8,9,10
"1421",NA,NA,NA,NA,NA,NA,7,8,9,10
"1422",NA,NA,NA,NA,NA,NA,7,8,9,10
"1423",NA,NA,NA,NA,NA,NA,7,8,9,10
"1424",NA,NA,NA,NA,NA,NA,7,NA,NA,NA
"1425",NA,NA,NA,NA,NA,NA,7,NA,NA,NA
"1426",NA,NA,NA,NA,NA,NA,7,NA,NA,NA
"1427",NA,NA,NA,NA,NA,NA,7,NA,NA,NA
"1428",NA,NA,NA,NA,NA,NA,7,NA,NA,NA
"1429",NA,NA,NA,NA,NA,NA,7,NA,NA,NA
"1430",NA,NA,NA,NA,NA,NA,7,NA,NA,NA
"1431",NA,NA,NA,NA,NA,NA,7,NA,NA,NA
"1432",NA,NA,NA,NA,NA,NA,7,NA,NA,NA
"1433",NA,NA,NA,NA,NA,NA,7,NA,NA,NA
"1434",NA,NA,NA,NA,NA,NA,7,NA,NA,NA
"1435",NA,NA,NA,NA,NA,NA,7,NA,NA,NA
"1436",NA,NA,NA,NA,NA,NA,7,NA,NA,NA
"1437",NA,NA,NA,NA,NA,NA,7,NA,NA,NA
"1438",NA,NA,NA,NA,NA,NA,7,NA,NA,NA
"1439",NA,NA,NA,NA,NA,NA,NA,8,9,10
"1440",NA,NA,NA,NA,NA,NA,NA,8,9,10
"1441",NA,NA,NA,NA,NA,NA,NA,8,9,10
"1442",NA,NA,NA,NA,NA,NA,NA,8,9,10
"1443",NA,NA,NA,NA,NA,NA,NA,8,NA,10
"1444",1,NA,3,NA,NA,NA,NA,NA,NA,NA
"1445",1,NA,3,NA,NA,NA,NA,NA,NA,NA
"1446",1,NA,3,NA,NA,NA,NA,NA,NA,NA
"1447",1,NA,3,NA,NA,NA,NA,NA,NA,NA
"1448",1,NA,3,NA,NA,NA,NA,NA,NA,NA
"1449",1,NA,3,NA,NA,NA,NA,NA,NA,NA
"1450",1,NA,3,NA,NA,NA,NA,NA,NA,NA
"1451",1,NA,3,NA,NA,NA,NA,NA,NA,NA
"1452",1,NA,3,NA,NA,NA,NA,NA,NA,NA
"1453",1,NA,3,NA,NA,NA,NA,NA,NA,NA
"1454",1,NA,3,NA,NA,NA,NA,NA,NA,NA
"1455",1,NA,3,NA,NA,NA,NA,NA,NA,NA
"1456",1,2,NA,NA,NA,NA,NA,NA,NA,NA
"1457",1,2,NA,NA,NA,NA,NA,NA,NA,NA
"1458",1,2,NA,NA,NA,NA,NA,NA,NA,NA
"1459",1,2,NA,NA,NA,NA,NA,NA,NA,NA
"1460",1,2,NA,NA,NA,NA,NA,NA,NA,NA
"1461",1,2,NA,NA,NA,NA,NA,NA,NA,NA
"1462",1,2,NA,NA,NA,NA,NA,NA,NA,NA
"1463",1,2,NA,NA,NA,NA,NA,NA,NA,NA
"1464",1,2,NA,NA,NA,NA,NA,NA,NA,NA
"1465",1,2,NA,NA,NA,NA,NA,NA,NA,NA
"1466",1,2,NA,NA,NA,NA,NA,NA,NA,NA
"1467",1,NA,NA,NA,NA,NA,NA,NA,NA,NA
"1468",1,NA,NA,NA,NA,NA,NA,NA,NA,NA
"1469",1,NA,NA,NA,NA,NA,NA,NA,NA,NA
"1470",1,2,NA,NA,NA,NA,NA,NA,NA,NA
"1471",1,2,NA,NA,NA,NA,NA,NA,NA,NA
"1472",1,2,NA,NA,NA,NA,NA,NA,NA,NA
"1473",1,2,NA,NA,NA,NA,NA,NA,NA,NA
"1474",1,2,NA,NA,NA,NA,NA,NA,NA,NA
"1475",1,2,NA,NA,NA,NA,NA,NA,NA,NA
"1476",NA,2,3,4,5,NA,7,8,9,10
"1477",NA,2,3,4,5,NA,7,8,9,10
"1478",NA,2,3,4,5,NA,7,8,9,10
"1479",NA,2,NA,NA,NA,NA,NA,8,9,10
"1480",NA,2,NA,NA,NA,NA,NA,NA,9,10
"1481",NA,2,NA,NA,NA,NA,NA,NA,9,10
"1482",NA,2,3,4,5,NA,7,8,9,10
"1483",NA,2,NA,4,5,NA,7,8,9,10
"1484",NA,2,3,4,5,NA,7,8,9,10
"1485",NA,2,3,4,5,NA,7,8,9,10
"1486",NA,2,NA,4,5,NA,NA,NA,NA,10
"1487",NA,2,3,4,5,NA,7,8,9,10
"1488",NA,2,3,4,5,NA,7,8,9,10
"1489",NA,2,3,4,5,NA,7,8,9,10
"1490",NA,2,NA,4,5,NA,7,8,9,10
"1491",NA,2,NA,4,5,NA,7,8,9,10
"1492",NA,2,3,4,5,NA,7,8,9,10
"1493",NA,2,3,4,5,NA,7,8,9,10
"1494",NA,2,NA,NA,5,NA,7,8,9,10
"1495",NA,2,3,4,5,NA,7,8,9,10
"1496",1,NA,NA,NA,NA,NA,NA,NA,NA,NA
"1497",1,NA,NA,NA,NA,NA,NA,NA,NA,NA
"1498",1,NA,NA,NA,NA,NA,NA,NA,NA,NA
"1499",1,NA,NA,NA,NA,NA,NA,NA,NA,NA
"1500",1,NA,NA,NA,NA,NA,NA,NA,NA,NA
"1501",1,NA,NA,NA,NA,NA,NA,NA,NA,NA
"1502",1,NA,NA,NA,NA,NA,NA,NA,NA,NA
"1503",1,NA,NA,NA,NA,NA,NA,NA,NA,NA
"1504",1,NA,NA,NA,NA,NA,NA,NA,NA,NA
"1505",1,NA,NA,NA,NA,NA,NA,NA,NA,NA
"1506",1,NA,NA,NA,NA,NA,NA,NA,NA,NA
"1507",1,NA,NA,NA,NA,NA,NA,NA,NA,NA
"1508",1,NA,NA,NA,NA,NA,NA,NA,NA,NA
"1509",1,NA,NA,NA,NA,NA,NA,NA,NA,NA
"1510",1,NA,NA,NA,NA,NA,NA,NA,NA,NA
"1511",1,NA,NA,NA,NA,NA,NA,NA,NA,NA
"1512",1,NA,NA,NA,NA,NA,NA,NA,NA,NA
"1513",1,NA,NA,NA,NA,NA,NA,NA,NA,NA
"1514",1,NA,NA,NA,NA,NA,NA,NA,NA,NA
"1515",1,NA,NA,NA,NA,NA,NA,NA,NA,NA
"1516",1,NA,NA,NA,NA,NA,NA,NA,NA,NA
"1517",1,NA,NA,NA,NA,NA,NA,NA,NA,NA
"1518",1,NA,NA,NA,NA,NA,NA,NA,NA,NA
"1519",1,NA,NA,NA,NA,NA,NA,NA,NA,NA
"1520",NA,NA,NA,NA,NA,NA,7,8,9,NA
"1521",NA,NA,NA,NA,NA,NA,7,8,9,NA
"1522",NA,NA,NA,NA,NA,NA,7,8,9,NA
"1523",NA,NA,NA,NA,NA,NA,7,8,NA,NA
"1524",NA,NA,NA,NA,NA,NA,7,8,NA,NA
"1525",NA,NA,NA,NA,NA,NA,7,8,NA,NA
"1526",NA,NA,NA,NA,NA,NA,7,8,9,NA
"1527",NA,NA,NA,NA,NA,NA,7,8,9,NA
"1528",NA,NA,NA,NA,NA,NA,7,8,9,NA
"1529",NA,NA,NA,NA,NA,NA,7,8,9,NA
"1530",NA,NA,NA,NA,NA,NA,7,8,9,NA
"1531",NA,NA,NA,NA,NA,NA,7,8,9,NA
"1532",NA,NA,NA,NA,NA,6,NA,8,9,10
"1533",NA,NA,NA,NA,NA,6,7,8,9,10
"1534",NA,NA,NA,NA,NA,6,7,8,9,10
"1535",NA,NA,NA,NA,NA,6,7,8,9,10
"1536",NA,NA,NA,NA,NA,6,7,8,9,10
"1537",NA,NA,NA,NA,NA,6,7,8,9,10
"1538",NA,NA,NA,NA,NA,6,7,8,9,10
"1539",NA,NA,NA,NA,NA,6,7,8,9,10
"1540",NA,NA,NA,NA,NA,6,7,8,9,10
"1541",NA,NA,NA,NA,NA,6,7,8,9,10
"1542",NA,NA,NA,NA,NA,6,7,8,9,10
"1543",NA,NA,NA,NA,NA,6,7,8,9,10
"1544",NA,NA,NA,NA,NA,6,7,8,9,10
"1545",NA,NA,NA,NA,NA,6,7,8,9,10
"1546",NA,NA,NA,NA,NA,6,7,8,9,10
"1547",NA,NA,NA,NA,NA,6,7,8,9,10
"1548",NA,NA,NA,NA,NA,6,7,8,9,10
"1549",NA,NA,NA,NA,NA,6,7,8,9,10
"1550",NA,NA,NA,NA,NA,6,7,8,9,10
"1551",NA,NA,NA,NA,NA,6,7,8,9,10
"1552",NA,NA,NA,NA,NA,6,7,8,9,10
"1553",NA,NA,NA,NA,NA,NA,NA,NA,9,NA
"1554",NA,NA,NA,NA,NA,NA,NA,NA,9,NA
"1555",NA,NA,NA,NA,NA,NA,NA,NA,9,NA
"1556",NA,NA,NA,NA,NA,NA,NA,NA,9,NA
"1557",NA,NA,NA,NA,NA,NA,NA,NA,9,NA
"1558",NA,NA,NA,NA,NA,NA,NA,8,NA,NA
"1559",NA,NA,NA,NA,NA,NA,NA,8,NA,NA
"1560",NA,NA,NA,NA,NA,NA,NA,8,NA,NA
"1561",NA,NA,NA,NA,NA,NA,NA,8,NA,NA
"1562",NA,NA,NA,NA,NA,NA,NA,8,NA,10
"1563",NA,NA,NA,NA,NA,NA,NA,8,9,10
"1564",NA,NA,NA,NA,NA,NA,NA,8,9,10
"1565",NA,NA,NA,NA,NA,NA,NA,8,9,10
"1566",NA,NA,NA,NA,NA,NA,NA,8,NA,NA
"1567",NA,NA,NA,NA,NA,NA,NA,8,NA,NA
"1568",NA,NA,NA,NA,NA,NA,NA,8,NA,NA
"1569",NA,NA,NA,NA,NA,NA,NA,8,NA,NA
"1570",NA,NA,NA,NA,NA,NA,NA,8,NA,NA
"1571",NA,NA,NA,NA,NA,NA,NA,8,NA,NA
"1572",NA,NA,NA,NA,NA,NA,NA,8,NA,NA
"1573",NA,NA,NA,NA,NA,NA,NA,8,NA,NA
"1574",NA,NA,NA,NA,NA,NA,NA,8,NA,NA
"1575",NA,NA,NA,NA,NA,NA,NA,8,NA,NA
"1576",NA,NA,NA,NA,NA,NA,NA,8,NA,NA
"1577",NA,NA,NA,NA,NA,NA,NA,8,NA,NA
"1578",NA,NA,3,NA,5,NA,NA,NA,NA,NA
"1579",NA,NA,3,NA,5,NA,NA,NA,NA,NA
"1580",NA,NA,3,NA,5,NA,NA,NA,NA,NA
"1581",NA,NA,3,NA,5,NA,NA,NA,NA,NA
"1582",NA,NA,3,NA,5,NA,NA,NA,NA,NA
"1583",NA,NA,3,NA,NA,NA,NA,NA,NA,NA
"1584",NA,NA,3,NA,NA,NA,NA,NA,NA,NA
"1585",NA,NA,3,NA,5,NA,7,8,9,NA
"1586",NA,NA,3,NA,5,NA,7,8,9,NA
"1587",NA,NA,3,NA,5,NA,7,8,9,NA
"1588",NA,NA,3,NA,5,NA,7,8,9,NA
"1589",NA,NA,3,NA,5,NA,7,8,9,NA
"1590",NA,NA,3,NA,5,NA,NA,NA,9,NA
"1591",NA,NA,3,NA,5,NA,7,8,9,NA
"1592",NA,NA,3,NA,5,NA,7,8,9,NA
"1593",NA,NA,3,NA,5,NA,7,8,9,NA
"1594",NA,NA,3,NA,5,NA,NA,NA,NA,NA
"1595",NA,NA,NA,NA,NA,NA,7,8,9,NA
"1596",NA,NA,NA,NA,NA,NA,NA,8,9,NA
"1597",NA,NA,NA,NA,NA,NA,7,8,9,NA
"1598",NA,NA,NA,NA,NA,NA,7,8,9,NA
"1599",NA,NA,NA,NA,NA,NA,7,8,9,NA
"1600",NA,NA,NA,NA,NA,NA,7,8,9,NA
"1601",NA,NA,NA,NA,NA,NA,7,8,NA,NA
"1602",NA,NA,NA,NA,NA,NA,7,8,9,NA
"1603",NA,NA,NA,NA,NA,NA,7,8,9,NA
"1604",NA,NA,NA,NA,NA,NA,7,8,9,NA
"1605",NA,NA,NA,NA,NA,NA,7,NA,9,NA
"1606",NA,2,3,4,5,6,7,8,9,10
"1607",NA,2,3,4,5,6,7,8,9,10
"1608",NA,2,3,4,5,6,7,8,9,10
"1609",NA,2,3,4,5,6,7,8,9,10
"1610",NA,2,3,4,5,6,7,8,9,10
"1611",NA,NA,NA,NA,NA,6,7,8,NA,10
"1612",NA,NA,NA,4,NA,6,7,8,NA,NA
"1613",NA,2,3,4,5,6,7,8,9,10
"1614",NA,NA,NA,4,5,6,NA,8,NA,NA
"1615",NA,NA,NA,NA,NA,6,7,8,NA,10
"1616",NA,NA,NA,4,5,NA,NA,NA,NA,NA
"1617",NA,NA,NA,4,5,NA,NA,NA,9,NA
"1618",NA,NA,NA,4,5,NA,NA,NA,NA,NA
"1619",NA,NA,NA,NA,5,6,NA,NA,9,NA
"1620",NA,NA,NA,4,5,6,NA,NA,NA,NA
"1621",NA,NA,NA,4,5,6,NA,NA,NA,NA
"1622",NA,NA,NA,4,5,6,NA,NA,9,NA
"1623",NA,NA,NA,4,5,6,NA,NA,NA,10
"1624",NA,NA,NA,4,5,6,NA,NA,NA,NA
"1625",NA,NA,NA,4,5,6,NA,NA,9,NA
"1626",1,2,NA,NA,NA,NA,NA,NA,NA,NA
"1627",1,2,NA,NA,NA,NA,NA,NA,NA,NA
"1628",1,2,NA,NA,NA,NA,NA,NA,NA,NA
"1629",1,2,NA,NA,NA,NA,NA,NA,NA,NA
"1630",1,2,NA,NA,NA,NA,NA,NA,NA,NA
"1631",1,2,3,NA,NA,NA,NA,NA,NA,NA
"1632",1,2,3,NA,NA,NA,NA,NA,NA,NA
"1633",1,2,3,NA,NA,NA,NA,NA,NA,NA
"1634",1,2,3,NA,NA,NA,NA,NA,NA,NA
"1635",1,2,3,NA,NA,NA,NA,NA,NA,NA
"1636",1,2,3,NA,NA,NA,NA,NA,NA,NA
"1637",1,2,3,NA,NA,NA,NA,NA,NA,NA
"1638",1,2,3,NA,NA,NA,NA,NA,NA,NA
"1639",1,2,3,NA,NA,NA,NA,NA,NA,NA
"1640",1,2,NA,NA,NA,NA,NA,NA,NA,NA
"1641",1,2,3,NA,NA,NA,NA,NA,NA,NA
"1642",1,2,3,NA,NA,NA,NA,NA,NA,NA
"1643",1,2,NA,NA,NA,NA,NA,NA,NA,NA
"1644",1,2,3,NA,NA,NA,NA,NA,NA,NA
"1645",1,2,NA,NA,NA,NA,NA,NA,NA,NA
"1646",NA,2,NA,NA,NA,NA,NA,NA,NA,NA
"1647",NA,2,NA,NA,NA,NA,NA,NA,NA,NA
"1648",NA,2,NA,NA,NA,NA,NA,NA,NA,NA
"1649",NA,2,NA,NA,NA,NA,NA,NA,NA,NA
"1650",NA,2,NA,NA,NA,NA,NA,NA,NA,NA
"1651",NA,2,NA,NA,NA,NA,NA,NA,NA,NA
"1652",NA,2,NA,NA,NA,NA,NA,NA,NA,NA
"1653",NA,2,NA,NA,NA,NA,NA,NA,NA,NA
"1654",NA,2,NA,NA,NA,NA,NA,NA,NA,NA
"1655",NA,2,NA,NA,NA,NA,NA,NA,NA,NA
"1656",NA,2,NA,NA,NA,NA,NA,NA,NA,NA
"1657",NA,2,NA,NA,NA,NA,NA,NA,NA,NA
"1658",NA,NA,3,4,5,6,7,NA,NA,NA
"1659",NA,NA,3,4,5,6,7,NA,NA,NA
"1660",NA,NA,3,4,5,6,7,NA,NA,NA
"1661",NA,NA,NA,NA,5,6,7,NA,NA,NA
"1662",NA,NA,NA,NA,5,6,7,NA,NA,NA
"1663",NA,NA,NA,NA,5,NA,7,NA,NA,NA
"1664",NA,NA,NA,NA,5,NA,7,NA,NA,NA
"1665",NA,NA,3,4,5,6,7,NA,NA,NA
"1666",NA,NA,NA,NA,5,NA,7,NA,NA,NA
"1667",NA,NA,NA,NA,5,NA,7,NA,NA,NA
"1668",NA,NA,3,4,5,6,7,NA,NA,NA
"1669",NA,NA,3,4,5,6,7,NA,NA,NA
"1670",NA,NA,3,4,5,6,7,NA,NA,NA
"1671",NA,NA,3,4,5,6,7,NA,NA,NA
"1672",NA,NA,3,4,5,6,7,NA,NA,NA
"1673",NA,NA,3,4,5,6,7,NA,NA,NA
"1674",NA,NA,NA,4,5,6,7,NA,NA,NA
"1675",NA,NA,NA,4,5,6,7,NA,NA,NA
"1676",NA,NA,3,4,5,6,7,NA,NA,NA
"1677",NA,NA,NA,4,5,6,7,NA,NA,NA
"1678",1,NA,NA,NA,NA,NA,NA,NA,NA,NA
"1679",1,NA,NA,NA,NA,NA,7,NA,NA,10
"1680",1,NA,NA,NA,NA,NA,7,8,NA,10
"1681",1,NA,NA,NA,NA,NA,7,8,NA,10
"1682",1,NA,NA,NA,NA,NA,7,8,NA,10
"1683",1,NA,NA,NA,NA,NA,7,8,NA,10
"1684",1,NA,NA,NA,NA,NA,7,8,NA,10
"1685",1,NA,NA,NA,NA,NA,7,8,NA,10
"1686",1,NA,NA,NA,NA,NA,7,8,NA,10
"1687",1,NA,NA,NA,NA,NA,7,8,NA,10
"1688",1,NA,NA,NA,NA,NA,7,8,NA,10
"1689",1,NA,NA,NA,NA,NA,NA,NA,NA,NA
"1690",1,NA,NA,NA,NA,NA,7,8,NA,10
"1691",1,NA,NA,NA,NA,NA,7,8,NA,10
"1692",1,NA,NA,NA,NA,NA,7,NA,NA,NA
"1693",1,NA,NA,NA,NA,NA,7,NA,NA,NA
"1694",1,2,3,4,5,NA,NA,NA,NA,NA
"1695",1,2,3,4,NA,NA,NA,NA,NA,NA
"1696",1,2,3,4,NA,NA,NA,NA,NA,NA
"1697",1,2,3,4,5,NA,NA,NA,NA,NA
"1698",1,2,3,NA,NA,NA,NA,NA,NA,NA
"1699",1,2,3,4,5,NA,NA,NA,NA,NA
"1700",1,2,3,4,5,NA,NA,NA,NA,NA
"1701",1,2,3,4,5,NA,NA,NA,NA,NA
"1702",1,2,3,4,5,NA,NA,NA,NA,NA
"1703",1,2,3,4,5,NA,NA,NA,NA,NA
"1704",1,2,3,4,5,NA,NA,NA,NA,NA
"1705",1,2,3,4,5,NA,NA,NA,NA,NA
"1706",1,2,3,4,5,NA,NA,NA,NA,NA
"1707",1,2,3,4,5,NA,NA,NA,NA,NA
"1708",1,2,3,4,5,NA,NA,NA,NA,NA
"1709",1,2,3,4,5,NA,NA,NA,NA,NA
"1710",1,2,3,4,5,NA,NA,NA,NA,NA
"1711",1,2,3,4,5,NA,NA,NA,NA,NA
"1712",1,2,3,4,5,NA,NA,NA,NA,NA
"1713",1,2,3,4,5,NA,NA,NA,NA,NA
"1714",1,2,NA,NA,5,NA,NA,NA,NA,10
"1715",1,2,NA,NA,5,6,7,8,9,10
"1716",1,2,NA,NA,NA,6,NA,NA,NA,NA
"1717",1,2,NA,NA,5,6,7,8,9,10
"1718",1,2,NA,NA,5,6,7,8,9,10
"1719",1,2,NA,NA,5,6,7,8,9,10
"1720",1,2,NA,NA,5,6,7,8,9,10
"1721",1,2,NA,NA,5,6,7,8,9,10
"1722",1,NA,NA,NA,NA,NA,NA,NA,NA,NA
"1723",1,2,NA,NA,5,6,7,8,9,10
"1724",1,2,NA,NA,5,6,7,8,9,10
"1725",1,2,NA,NA,5,6,7,8,9,10
"1726",1,2,NA,NA,5,6,7,8,9,10
"1727",1,2,NA,NA,NA,NA,NA,NA,9,NA
"1728",1,NA,NA,NA,NA,NA,NA,NA,NA,NA
"1729",1,2,NA,NA,5,6,7,8,9,10
"1730",1,2,NA,NA,NA,NA,NA,NA,NA,NA
"1731",1,2,NA,NA,NA,6,NA,NA,9,NA
"1732",1,2,NA,NA,5,6,7,8,9,10
"1733",1,NA,NA,NA,5,NA,NA,NA,9,NA
"1734",NA,NA,NA,NA,NA,NA,NA,NA,NA,10
"1735",NA,NA,NA,NA,NA,NA,NA,NA,NA,10
"1736",NA,NA,NA,NA,NA,NA,NA,NA,NA,10
"1737",NA,NA,NA,NA,NA,NA,NA,NA,NA,10
"1738",NA,NA,NA,NA,NA,NA,NA,NA,NA,10
"1739",NA,NA,NA,NA,NA,NA,NA,NA,NA,10
"1740",NA,NA,NA,NA,NA,NA,NA,NA,NA,10
"1741",NA,NA,NA,NA,NA,NA,NA,NA,NA,10
"1742",NA,NA,NA,NA,NA,NA,NA,NA,NA,10
"1743",NA,NA,NA,NA,NA,NA,NA,NA,NA,10
"1744",NA,NA,NA,NA,NA,NA,NA,NA,NA,10
"1745",NA,NA,NA,NA,NA,NA,NA,NA,NA,10
"1746",NA,NA,NA,NA,NA,NA,NA,NA,NA,10
"1747",NA,NA,NA,NA,NA,NA,NA,NA,NA,10
"1748",NA,NA,NA,NA,NA,NA,NA,NA,NA,10
"1749",NA,NA,NA,NA,NA,NA,NA,NA,NA,10
"1750",NA,NA,NA,NA,NA,NA,NA,NA,NA,10
"1751",NA,NA,NA,NA,NA,NA,NA,NA,NA,10
"1752",1,2,NA,NA,NA,NA,NA,NA,NA,NA
"1753",1,2,NA,NA,NA,NA,NA,NA,NA,NA
"1754",1,2,NA,NA,NA,NA,NA,NA,NA,NA
"1755",1,2,NA,NA,NA,NA,NA,NA,NA,NA
"1756",1,2,NA,NA,NA,NA,NA,NA,NA,NA
"1757",1,2,NA,NA,NA,NA,NA,NA,NA,NA
"1758",1,2,NA,NA,NA,NA,NA,NA,NA,NA
"1759",1,2,NA,NA,NA,NA,NA,NA,NA,NA
"1760",1,2,NA,NA,NA,NA,NA,NA,NA,NA
"1761",1,2,NA,NA,NA,NA,NA,NA,NA,NA
"1762",1,2,NA,NA,NA,NA,NA,NA,NA,NA
"1763",1,2,NA,NA,NA,NA,NA,NA,NA,NA
"1764",1,2,NA,NA,NA,NA,NA,NA,NA,NA
"1765",1,2,NA,NA,NA,NA,NA,NA,NA,NA
"1766",1,2,NA,NA,NA,NA,NA,NA,NA,NA
"1767",1,2,NA,NA,NA,NA,NA,NA,NA,NA
"1768",1,2,NA,NA,NA,NA,NA,NA,NA,NA
"1769",1,2,NA,NA,NA,NA,NA,NA,NA,NA
"1770",1,2,NA,NA,NA,NA,NA,NA,NA,NA
"1771",1,2,NA,NA,NA,NA,NA,NA,NA,NA
"1772",NA,NA,NA,4,5,NA,7,NA,9,10
"1773",NA,NA,NA,4,5,NA,7,NA,9,10
"1774",NA,NA,NA,4,5,NA,7,NA,9,10
"1775",NA,NA,NA,4,5,NA,7,NA,9,10
"1776",NA,NA,NA,4,5,NA,7,NA,9,10
"1777",NA,NA,NA,4,5,NA,7,NA,9,10
"1778",NA,NA,NA,4,5,NA,7,NA,9,10
"1779",NA,NA,NA,4,5,NA,7,NA,9,10
"1780",NA,NA,NA,4,5,NA,7,NA,9,10
"1781",NA,NA,NA,4,5,NA,7,NA,9,10
"1782",NA,NA,NA,4,5,NA,7,NA,9,10
"1783",NA,NA,NA,4,5,NA,7,NA,9,10
"1784",NA,NA,NA,4,5,NA,7,NA,9,10
"1785",NA,NA,NA,4,5,NA,7,NA,9,10
"1786",NA,NA,NA,4,5,NA,7,NA,9,10
"1787",NA,NA,NA,4,5,NA,7,NA,9,10
"1788",NA,NA,NA,4,5,NA,7,NA,9,10
"1789",NA,NA,NA,4,5,NA,7,NA,9,10
"1790",NA,NA,NA,4,5,NA,7,NA,9,10
"1791",NA,NA,NA,4,5,NA,7,NA,9,10
"1792",NA,NA,NA,NA,NA,NA,7,8,9,10
"1793",NA,NA,NA,NA,NA,NA,7,8,9,10
"1794",NA,NA,NA,NA,NA,NA,7,8,9,10
"1795",NA,NA,NA,NA,NA,NA,7,8,9,10
"1796",NA,NA,NA,NA,NA,NA,7,8,9,NA
"1797",NA,NA,NA,NA,NA,NA,7,8,9,10
"1798",NA,NA,NA,NA,NA,NA,7,NA,9,NA
"1799",NA,NA,NA,NA,NA,NA,7,NA,9,10
"1800",NA,NA,NA,NA,NA,NA,7,8,NA,NA
"1801",NA,NA,NA,NA,NA,NA,7,NA,NA,NA
"1802",NA,NA,NA,NA,NA,NA,7,NA,NA,NA
"1803",NA,NA,NA,NA,NA,NA,7,NA,NA,NA
"1804",NA,2,NA,NA,5,6,NA,NA,NA,NA
"1805",NA,2,NA,NA,5,6,NA,NA,NA,NA
"1806",NA,2,NA,NA,5,6,NA,NA,NA,NA
"1807",NA,2,NA,NA,5,6,NA,NA,NA,NA
"1808",NA,2,NA,NA,5,6,NA,NA,NA,NA
"1809",NA,2,NA,NA,5,6,NA,NA,NA,NA
"1810",NA,2,NA,NA,5,6,NA,NA,NA,NA
"1811",NA,2,NA,NA,5,6,NA,NA,NA,NA
"1812",NA,2,NA,NA,5,6,NA,NA,NA,NA
"1813",NA,2,NA,NA,5,6,NA,NA,NA,NA
"1814",NA,2,NA,NA,5,6,NA,NA,NA,NA
"1815",NA,2,NA,NA,5,6,NA,NA,NA,NA
"1816",NA,2,NA,NA,5,6,NA,NA,NA,NA
"1817",NA,2,NA,NA,5,6,NA,NA,NA,NA
"1818",NA,2,NA,NA,5,6,NA,NA,NA,NA
"1819",NA,2,NA,NA,5,6,NA,NA,NA,NA
"1820",NA,2,NA,NA,5,6,NA,NA,NA,NA
"1821",NA,2,NA,NA,5,6,NA,NA,NA,NA
"1822",NA,2,NA,NA,NA,6,NA,NA,NA,NA
"1823",NA,2,NA,NA,NA,6,NA,NA,NA,NA
"1824",NA,NA,NA,NA,5,NA,7,8,NA,10
"1825",NA,NA,NA,NA,5,NA,NA,8,9,10
"1826",NA,NA,NA,NA,5,6,7,8,9,10
"1827",NA,NA,NA,NA,5,6,7,8,9,10
"1828",NA,NA,NA,NA,5,6,7,8,9,10
"1829",NA,NA,NA,NA,5,6,7,8,9,10
"1830",NA,NA,NA,NA,5,6,7,8,9,10
"1831",NA,NA,NA,NA,5,6,7,8,9,10
"1832",NA,NA,NA,NA,5,6,7,8,9,10
"1833",NA,NA,NA,NA,5,6,7,8,9,10
"1834",NA,NA,NA,NA,5,NA,NA,NA,NA,NA
"1835",NA,NA,NA,NA,5,NA,NA,NA,NA,NA
"1836",NA,NA,NA,NA,5,NA,NA,NA,NA,NA
"1837",NA,NA,NA,NA,5,NA,NA,8,NA,NA
"1838",NA,NA,NA,NA,5,NA,NA,8,NA,NA
"1839",NA,NA,NA,NA,5,NA,NA,8,NA,NA
"1840",NA,NA,NA,NA,5,NA,NA,8,NA,NA
"1841",NA,NA,NA,NA,5,NA,NA,8,NA,NA
"1842",NA,NA,NA,NA,5,6,7,8,9,10
"1843",NA,NA,NA,NA,5,6,7,8,9,10
"1844",1,2,NA,NA,NA,NA,NA,NA,NA,NA
"1845",1,2,NA,NA,NA,NA,NA,NA,NA,NA
"1846",1,2,NA,NA,NA,NA,NA,NA,NA,NA
"1847",1,2,NA,NA,NA,NA,NA,NA,NA,NA
"1848",1,2,NA,NA,NA,NA,NA,NA,NA,NA
"1849",1,2,NA,NA,NA,NA,NA,NA,NA,NA
"1850",1,2,NA,NA,NA,NA,NA,NA,NA,NA
"1851",1,2,NA,NA,NA,NA,NA,NA,NA,NA
"1852",1,2,NA,NA,NA,NA,NA,NA,NA,NA
"1853",1,2,NA,NA,NA,NA,NA,NA,NA,NA
"1854",1,2,NA,NA,NA,NA,NA,NA,NA,NA
"1855",1,2,NA,NA,NA,NA,NA,NA,NA,NA
"1856",1,2,NA,NA,NA,NA,NA,NA,NA,NA
"1857",1,2,NA,NA,NA,NA,NA,NA,NA,NA
"1858",1,2,NA,NA,NA,NA,NA,NA,NA,NA
"1859",1,2,NA,NA,NA,NA,NA,NA,NA,NA
"1860",1,2,NA,NA,NA,NA,NA,NA,NA,NA
"1861",1,2,NA,NA,NA,NA,NA,NA,NA,NA
"1862",1,2,NA,NA,NA,NA,NA,NA,NA,NA
"1863",1,2,NA,NA,NA,NA,NA,NA,NA,NA
"1864",1,2,3,4,5,NA,7,NA,NA,NA
"1865",1,2,3,4,5,NA,7,NA,NA,NA
"1866",1,2,3,4,NA,NA,7,NA,NA,NA
"1867",1,2,3,4,5,NA,7,NA,NA,NA
"1868",NA,2,NA,NA,NA,NA,NA,NA,NA,NA
"1869",1,2,3,4,5,NA,7,NA,NA,NA
"1870",1,NA,NA,NA,NA,NA,NA,NA,NA,NA
"1871",1,2,3,4,5,NA,7,NA,NA,NA
"1872",1,2,3,4,5,NA,7,NA,NA,NA
"1873",1,2,3,4,5,NA,7,NA,NA,NA
"1874",1,NA,NA,NA,NA,NA,NA,NA,NA,NA
"1875",1,2,3,4,5,NA,7,NA,NA,NA
"1876",1,2,3,4,5,NA,7,NA,NA,NA
"1877",1,2,3,4,5,NA,7,NA,NA,NA
"1878",1,2,3,4,5,NA,7,NA,NA,NA
"1879",1,NA,NA,NA,NA,NA,7,NA,NA,NA
"1880",NA,NA,NA,NA,5,NA,7,NA,NA,NA
"1881",1,NA,NA,NA,5,NA,7,NA,NA,NA
"1882",1,NA,NA,NA,NA,NA,NA,NA,NA,NA
"1883",1,NA,NA,NA,NA,NA,NA,NA,NA,NA
"1884",1,2,3,4,5,NA,7,NA,NA,NA
"1885",1,2,3,4,5,NA,7,NA,NA,NA
"1886",1,NA,NA,NA,NA,NA,NA,NA,NA,NA
"1887",1,NA,NA,NA,NA,NA,NA,NA,NA,NA
"1888",1,NA,NA,NA,5,NA,NA,NA,NA,NA
"1889",1,NA,NA,NA,NA,NA,NA,NA,NA,NA
"1890",1,NA,NA,NA,5,NA,NA,NA,NA,NA
"1891",1,2,3,4,5,NA,7,NA,NA,NA
"1892",1,2,3,4,5,NA,7,NA,NA,NA
"1893",1,2,3,4,5,NA,7,NA,NA,NA
"1894",1,2,3,4,5,NA,7,NA,NA,NA
"1895",1,2,3,4,5,NA,7,NA,NA,NA
"1896",1,2,3,4,5,NA,7,NA,NA,NA
"1897",1,2,3,4,5,NA,7,NA,NA,NA
"1898",1,2,3,4,5,NA,7,NA,NA,NA
"1899",1,2,3,4,5,NA,7,NA,NA,NA
"1900",1,2,3,4,5,NA,7,NA,NA,NA
"1901",1,NA,NA,4,NA,NA,NA,NA,NA,NA
"1902",1,2,3,4,5,NA,7,NA,NA,NA
"1903",1,2,NA,NA,NA,NA,NA,NA,NA,NA
"1904",1,2,NA,4,NA,6,7,8,9,NA
"1905",1,2,NA,4,NA,6,7,8,9,NA
"1906",1,2,NA,4,NA,6,7,8,9,NA
"1907",1,2,NA,4,NA,6,7,8,9,NA
"1908",1,2,NA,4,NA,6,7,8,9,NA
"1909",1,2,NA,4,NA,6,7,8,9,NA
"1910",1,2,NA,4,NA,6,7,8,9,NA
"1911",1,2,NA,4,NA,6,7,8,9,NA
"1912",1,2,NA,NA,NA,NA,7,NA,NA,NA
"1913",NA,NA,NA,4,NA,NA,NA,NA,NA,NA
"1914",1,2,NA,4,NA,6,7,8,9,NA
"1915",1,2,NA,4,NA,6,7,8,9,NA
"1916",1,2,NA,4,NA,6,7,8,9,NA
"1917",1,2,NA,4,NA,6,7,8,9,NA
"1918",1,2,NA,NA,NA,NA,NA,NA,NA,NA
"1919",1,2,NA,NA,NA,NA,NA,NA,NA,NA
"1920",1,2,NA,NA,NA,NA,NA,NA,NA,NA
"1921",1,2,NA,NA,NA,NA,NA,NA,NA,NA
"1922",1,2,NA,NA,NA,NA,NA,NA,NA,NA
"1923",1,2,NA,NA,NA,NA,NA,NA,NA,NA
"1924",1,2,NA,NA,NA,NA,NA,NA,NA,NA
"1925",1,2,NA,NA,NA,NA,NA,NA,NA,NA
"1926",NA,2,3,4,NA,NA,NA,NA,NA,NA
"1927",NA,2,3,4,NA,NA,NA,NA,NA,NA
"1928",NA,2,3,4,NA,NA,NA,NA,NA,NA
"1929",NA,2,3,4,NA,NA,NA,NA,NA,NA
"1930",NA,2,3,4,NA,NA,NA,NA,NA,NA
"1931",NA,2,3,4,NA,NA,NA,NA,NA,NA
"1932",NA,2,3,4,NA,NA,NA,NA,NA,NA
"1933",NA,2,3,4,NA,NA,NA,NA,NA,NA
"1934",NA,2,3,4,NA,NA,NA,NA,NA,NA
"1935",NA,2,3,4,NA,NA,NA,NA,NA,NA
"1936",NA,2,3,4,NA,NA,NA,NA,NA,NA
"1937",NA,2,3,4,NA,NA,NA,NA,NA,NA
"1938",NA,2,3,4,NA,NA,NA,NA,NA,NA
"1939",NA,2,3,4,NA,NA,NA,NA,NA,NA
"1940",NA,2,3,4,NA,NA,NA,NA,NA,NA
"1941",NA,2,3,4,NA,NA,NA,NA,NA,NA
"1942",NA,2,3,4,NA,NA,NA,NA,NA,NA
"1943",NA,2,3,NA,NA,NA,NA,NA,NA,NA
"1944",NA,2,3,NA,NA,NA,NA,NA,NA,NA
"1945",NA,NA,NA,NA,5,NA,7,NA,9,NA
"1946",NA,NA,NA,NA,5,NA,7,NA,9,NA
"1947",NA,NA,NA,NA,5,NA,7,NA,9,NA
"1948",NA,NA,NA,NA,5,NA,7,NA,9,NA
"1949",NA,NA,NA,NA,5,NA,7,NA,9,NA
"1950",NA,NA,NA,NA,5,NA,7,NA,9,NA
"1951",NA,NA,NA,NA,5,NA,7,NA,9,NA
"1952",NA,NA,NA,NA,5,NA,7,NA,9,NA
"1953",NA,NA,NA,NA,5,NA,7,NA,9,NA
"1954",NA,NA,NA,NA,NA,NA,7,NA,9,NA
"1955",NA,NA,NA,NA,5,NA,7,NA,9,NA
"1956",NA,NA,NA,NA,5,NA,7,NA,9,NA
"1957",NA,NA,NA,NA,5,NA,7,NA,9,NA
"1958",NA,NA,NA,NA,5,NA,7,NA,9,NA
"1959",NA,NA,NA,NA,5,NA,7,NA,9,NA
"1960",NA,NA,NA,NA,5,NA,7,NA,9,NA
"1961",NA,NA,NA,NA,5,NA,7,NA,9,NA
"1962",NA,NA,NA,NA,5,NA,7,NA,9,NA
"1963",NA,NA,NA,NA,5,NA,7,NA,9,NA
"1964",NA,NA,NA,NA,5,NA,7,NA,9,NA
"1965",NA,NA,NA,NA,NA,NA,NA,NA,9,NA
"1966",NA,NA,NA,NA,NA,NA,NA,NA,9,NA
"1967",NA,NA,NA,NA,NA,NA,NA,NA,9,NA
"1968",1,2,NA,4,5,6,7,NA,NA,10
"1969",1,2,NA,4,5,6,7,NA,NA,10
"1970",1,2,NA,4,5,6,7,NA,NA,10
"1971",1,2,NA,4,5,6,7,NA,NA,10
"1972",1,2,NA,4,5,6,7,NA,NA,10
"1973",1,2,NA,4,5,6,7,NA,NA,10
"1974",1,2,NA,4,5,6,7,NA,NA,10
"1975",1,2,NA,4,5,6,7,NA,NA,10
"1976",1,2,NA,4,5,6,7,NA,NA,10
"1977",1,2,NA,4,5,6,7,NA,NA,10
"1978",1,2,NA,4,NA,6,7,NA,NA,10
"1979",1,2,NA,4,5,6,7,NA,NA,10
"1980",1,2,NA,4,5,6,7,NA,NA,10
"1981",1,2,NA,4,5,6,7,NA,NA,10
"1982",1,2,NA,4,5,6,7,NA,NA,10
"1983",1,2,NA,4,5,6,7,NA,NA,10
"1984",1,2,NA,4,5,6,7,NA,NA,10
"1985",1,2,NA,4,5,6,7,NA,NA,10
"1986",1,2,NA,4,5,6,7,NA,NA,10
"1987",1,2,NA,4,5,6,7,NA,NA,10
"1988",1,2,NA,4,5,6,7,NA,NA,10
"1989",NA,NA,3,4,NA,NA,NA,NA,NA,NA
"1990",NA,2,NA,4,NA,NA,NA,NA,NA,NA
"1991",NA,2,3,4,NA,NA,NA,NA,NA,NA
"1992",NA,2,3,4,NA,NA,NA,NA,NA,NA
"1993",NA,2,3,4,NA,NA,NA,NA,NA,NA
"1994",NA,2,3,4,NA,NA,NA,NA,NA,NA
"1995",NA,2,3,4,NA,NA,NA,NA,NA,NA
"1996",NA,2,3,4,NA,NA,NA,NA,NA,NA
"1997",NA,2,3,4,NA,NA,NA,NA,NA,NA
"1998",NA,2,3,4,NA,NA,NA,NA,NA,NA
"1999",NA,2,3,4,NA,NA,NA,NA,NA,NA
"2000",NA,2,3,4,NA,NA,NA,NA,NA,NA
"2001",NA,2,3,4,NA,NA,NA,NA,NA,NA
"2002",NA,2,3,4,NA,NA,NA,NA,NA,NA
"2003",NA,2,3,4,NA,NA,NA,NA,NA,NA
"2004",NA,2,3,4,NA,NA,NA,NA,NA,NA
"2005",NA,2,3,4,NA,NA,NA,NA,NA,NA
"2006",NA,2,3,4,NA,NA,NA,NA,NA,NA
"2007",NA,2,3,4,NA,NA,NA,NA,NA,NA
"2008",NA,2,3,4,NA,NA,NA,NA,NA,NA
"2009",NA,2,3,4,NA,NA,NA,NA,NA,NA
"2010",NA,NA,NA,NA,5,6,NA,NA,9,10
"2011",NA,NA,NA,NA,5,6,NA,NA,9,10
"2012",NA,NA,NA,NA,5,6,NA,NA,9,10
"2013",NA,NA,NA,NA,5,6,NA,NA,9,10
"2014",NA,NA,NA,NA,5,6,NA,NA,9,10
"2015",NA,NA,NA,NA,5,6,NA,NA,9,10
"2016",NA,NA,NA,NA,5,6,NA,NA,9,10
"2017",NA,NA,NA,NA,5,6,NA,NA,9,10
"2018",NA,NA,NA,NA,5,6,NA,NA,9,10
"2019",NA,NA,NA,NA,5,6,NA,NA,9,10
"2020",NA,NA,NA,NA,5,6,NA,NA,9,10
"2021",NA,NA,NA,NA,5,6,NA,NA,9,10
"2022",NA,NA,NA,NA,5,6,NA,NA,9,10
"2023",NA,NA,3,NA,NA,6,7,NA,9,NA
"2024",NA,NA,3,NA,NA,6,7,NA,9,NA
"2025",NA,NA,3,NA,NA,6,7,NA,NA,NA
"2026",NA,NA,3,NA,NA,NA,NA,NA,NA,NA
"2027",NA,NA,3,NA,NA,6,7,NA,9,NA
"2028",NA,NA,3,NA,NA,6,7,NA,9,NA
"2029",NA,NA,NA,NA,NA,NA,NA,NA,9,NA
"2030",NA,NA,NA,NA,NA,6,7,NA,NA,NA
"2031",NA,NA,NA,NA,NA,6,7,NA,NA,NA
"2032",NA,NA,3,NA,NA,6,7,NA,9,NA
"2033",NA,NA,3,NA,NA,6,7,NA,9,NA
"2034",NA,NA,3,NA,NA,NA,NA,NA,NA,NA
"2035",NA,NA,3,NA,NA,6,7,NA,NA,NA
"2036",NA,NA,3,NA,NA,6,7,NA,9,NA
"2037",NA,NA,3,NA,NA,6,7,NA,9,NA
"2038",NA,NA,3,NA,NA,6,7,NA,9,NA
"2039",NA,NA,3,NA,NA,NA,NA,NA,NA,NA
"2040",NA,NA,NA,NA,NA,NA,NA,NA,9,NA
"2041",NA,NA,NA,NA,NA,NA,7,8,NA,10
"2042",NA,NA,NA,NA,NA,NA,7,8,NA,10
"2043",NA,NA,NA,NA,NA,NA,7,8,NA,10
"2044",NA,NA,NA,NA,NA,NA,7,8,NA,10
"2045",NA,NA,NA,NA,NA,NA,7,8,NA,10
"2046",NA,NA,NA,NA,NA,NA,7,8,NA,10
"2047",NA,NA,NA,NA,NA,NA,7,8,NA,10
"2048",NA,NA,NA,NA,NA,NA,7,8,NA,10
"2049",NA,NA,NA,NA,NA,NA,7,8,NA,NA
"2050",NA,2,3,4,5,6,7,8,9,10
"2051",NA,2,3,4,5,6,7,8,9,10
"2052",NA,2,3,4,5,6,7,8,9,10
"2053",NA,2,3,4,5,6,7,8,9,10
"2054",NA,2,3,4,5,6,7,8,9,10
"2055",NA,NA,3,4,5,6,NA,NA,NA,10
"2056",NA,2,3,4,5,NA,NA,NA,NA,10
"2057",NA,NA,3,4,5,NA,NA,8,NA,10
"2058",NA,NA,NA,4,5,NA,NA,8,NA,NA
"2059",NA,2,NA,4,5,NA,NA,8,NA,NA
"2060",NA,2,3,4,5,6,7,8,9,10
"2061",1,2,3,4,5,NA,NA,NA,NA,NA
"2062",1,2,3,4,5,NA,NA,NA,NA,NA
"2063",1,2,3,4,5,NA,NA,NA,NA,NA
"2064",1,2,3,4,5,NA,NA,NA,NA,NA
"2065",1,2,3,4,5,NA,NA,NA,NA,NA
"2066",1,NA,NA,NA,NA,NA,NA,NA,NA,NA
"2067",1,NA,NA,NA,NA,NA,NA,NA,NA,NA
"2068",1,2,3,4,5,NA,NA,NA,NA,NA
"2069",1,2,3,4,5,NA,NA,NA,NA,NA
"2070",1,2,3,4,5,NA,NA,NA,NA,NA
"2071",1,2,3,4,5,NA,NA,NA,NA,NA
"2072",1,2,3,4,5,NA,NA,NA,NA,NA
"2073",1,2,3,4,5,NA,NA,NA,NA,NA
"2074",1,2,3,4,5,NA,NA,NA,NA,NA
"2075",1,NA,NA,NA,NA,NA,NA,NA,NA,NA
"2076",1,2,3,4,5,NA,NA,NA,NA,NA
"2077",1,2,3,4,5,NA,NA,NA,NA,NA
"2078",1,2,3,4,5,NA,NA,NA,NA,NA
"2079",1,2,3,4,5,NA,NA,NA,NA,NA
"2080",1,2,3,4,5,NA,NA,NA,NA,NA
"2081",NA,NA,3,NA,NA,NA,NA,NA,NA,NA
"2082",NA,NA,3,NA,NA,NA,NA,NA,NA,NA
"2083",1,2,3,NA,NA,NA,NA,NA,NA,NA
"2084",1,2,3,NA,NA,NA,NA,NA,NA,NA
"2085",1,2,3,NA,NA,NA,NA,NA,NA,NA
"2086",1,2,3,NA,NA,NA,NA,NA,NA,NA
"2087",1,2,3,NA,NA,NA,NA,NA,NA,NA
"2088",1,2,3,NA,NA,NA,NA,NA,NA,NA
"2089",1,2,3,NA,NA,NA,NA,NA,NA,NA
"2090",1,2,3,NA,NA,NA,NA,NA,NA,NA
"2091",1,2,3,NA,NA,NA,NA,NA,NA,NA
"2092",1,2,3,NA,NA,NA,NA,NA,NA,NA
"2093",1,2,3,NA,NA,NA,NA,NA,NA,NA
"2094",1,2,3,NA,NA,NA,NA,NA,NA,NA
"2095",1,2,3,NA,NA,NA,NA,NA,NA,NA
"2096",1,2,3,NA,NA,NA,NA,NA,NA,NA
"2097",1,2,3,NA,NA,NA,NA,NA,NA,NA
"2098",1,2,3,NA,NA,NA,NA,NA,NA,NA
"2099",1,2,3,NA,NA,NA,NA,NA,NA,NA
"2100",1,2,3,NA,NA,NA,NA,NA,NA,NA
"2101",NA,NA,NA,NA,NA,NA,NA,NA,9,10
"2102",NA,NA,NA,NA,NA,NA,NA,NA,9,10
"2103",NA,NA,NA,NA,NA,NA,NA,NA,9,10
"2104",NA,NA,NA,NA,NA,NA,NA,NA,9,10
"2105",NA,NA,NA,NA,NA,NA,NA,NA,9,10
"2106",NA,NA,NA,NA,NA,NA,NA,NA,NA,10
"2107",NA,NA,NA,NA,NA,NA,NA,NA,9,10
"2108",NA,NA,NA,NA,NA,NA,NA,NA,9,10
"2109",NA,NA,NA,NA,NA,NA,NA,NA,9,10
"2110",NA,NA,NA,NA,NA,NA,NA,NA,NA,10
"2111",NA,NA,NA,NA,NA,NA,NA,NA,9,10
"2112",NA,NA,NA,NA,NA,NA,NA,NA,9,10
"2113",NA,NA,NA,NA,NA,NA,NA,NA,9,10
"2114",NA,NA,NA,NA,NA,NA,NA,NA,9,10
"2115",NA,NA,NA,NA,NA,NA,NA,NA,9,10
"2116",NA,NA,NA,NA,NA,NA,NA,NA,9,10
"2117",NA,NA,NA,NA,NA,NA,NA,NA,NA,10
"2118",NA,NA,NA,NA,NA,NA,NA,NA,9,10
"2119",NA,NA,NA,NA,NA,NA,NA,NA,9,10
"2120",1,2,NA,NA,NA,NA,NA,NA,NA,NA
"2121",1,2,NA,NA,NA,NA,NA,NA,NA,NA
"2122",1,2,NA,NA,NA,NA,NA,NA,NA,NA
"2123",1,2,NA,NA,NA,NA,NA,NA,NA,NA
"2124",1,2,NA,NA,NA,NA,NA,NA,NA,NA
"2125",1,2,NA,NA,NA,NA,NA,NA,NA,NA
"2126",1,2,NA,NA,NA,NA,NA,NA,NA,NA
"2127",1,2,NA,NA,NA,NA,NA,NA,NA,NA
"2128",1,2,NA,NA,NA,NA,NA,NA,NA,NA
"2129",1,2,NA,NA,NA,NA,NA,NA,NA,NA
"2130",1,2,NA,NA,NA,NA,NA,NA,NA,NA
"2131",1,2,NA,NA,NA,NA,NA,NA,NA,NA
"2132",1,2,NA,NA,NA,NA,NA,NA,NA,NA
"2133",1,2,NA,NA,NA,NA,NA,NA,NA,NA
"2134",1,2,NA,NA,NA,NA,NA,NA,NA,NA
"2135",1,2,NA,NA,NA,NA,NA,NA,NA,NA
"2136",1,2,NA,NA,NA,NA,NA,NA,NA,NA
"2137",1,2,NA,NA,NA,NA,NA,NA,NA,NA
"2138",1,2,NA,NA,NA,NA,NA,NA,NA,NA
"2139",1,2,NA,NA,NA,NA,NA,NA,NA,NA
"2140",1,NA,NA,NA,NA,NA,NA,NA,NA,NA
"2141",1,NA,NA,NA,NA,NA,NA,NA,NA,NA
"2142",1,NA,NA,NA,NA,NA,NA,NA,NA,NA
"2143",1,NA,NA,NA,NA,NA,NA,NA,NA,NA
"2144",1,NA,NA,NA,NA,NA,NA,NA,NA,NA
"2145",1,NA,NA,NA,NA,NA,NA,NA,NA,NA
"2146",1,NA,NA,NA,NA,NA,NA,NA,NA,NA
"2147",1,NA,NA,NA,NA,NA,NA,NA,NA,NA
"2148",1,NA,NA,NA,NA,NA,NA,NA,NA,NA
"2149",1,NA,NA,NA,NA,NA,NA,NA,NA,NA
"2150",1,NA,NA,NA,NA,NA,NA,NA,NA,NA
"2151",1,NA,NA,NA,NA,NA,NA,NA,NA,NA
"2152",1,NA,NA,NA,NA,NA,NA,NA,NA,NA
"2153",1,NA,NA,NA,NA,NA,NA,NA,NA,NA
"2154",1,NA,NA,NA,NA,NA,NA,NA,NA,NA
"2155",1,NA,NA,NA,NA,NA,NA,NA,NA,NA
"2156",1,NA,NA,NA,NA,NA,NA,NA,NA,NA
"2157",1,NA,NA,NA,NA,NA,NA,NA,NA,NA
"2158",1,NA,NA,NA,NA,NA,NA,NA,NA,NA
"2159",1,NA,NA,NA,NA,NA,NA,NA,NA,NA
"2160",NA,NA,NA,NA,NA,NA,NA,NA,9,NA
"2161",NA,NA,NA,NA,NA,NA,NA,NA,9,NA
"2162",NA,NA,NA,NA,NA,NA,NA,NA,9,NA
"2163",NA,NA,NA,NA,NA,NA,NA,NA,9,NA
"2164",NA,NA,NA,NA,NA,NA,NA,NA,9,NA
"2165",NA,NA,NA,NA,NA,NA,NA,NA,9,NA
"2166",NA,NA,NA,NA,NA,NA,NA,NA,9,NA
"2167",NA,NA,NA,NA,NA,NA,NA,NA,9,NA
"2168",NA,NA,NA,NA,NA,NA,NA,NA,9,NA
"2169",NA,NA,NA,NA,NA,NA,NA,NA,9,NA
"2170",NA,NA,NA,NA,NA,NA,NA,NA,9,NA
"2171",NA,NA,NA,NA,NA,NA,NA,NA,9,NA
"2172",NA,NA,NA,NA,NA,NA,NA,NA,9,NA
"2173",NA,NA,NA,NA,NA,NA,NA,NA,9,NA
"2174",NA,NA,NA,NA,NA,NA,NA,NA,9,NA
"2175",NA,NA,NA,NA,NA,NA,NA,8,NA,NA
"2176",NA,NA,NA,NA,NA,NA,NA,NA,9,NA
"2177",NA,NA,NA,NA,NA,NA,NA,8,NA,10
"2178",NA,NA,NA,NA,NA,NA,NA,8,NA,10
"2179",NA,NA,NA,NA,NA,NA,NA,8,NA,NA
"2180",NA,NA,NA,NA,NA,NA,NA,8,9,10
"2181",NA,NA,NA,NA,NA,NA,NA,8,9,10
"2182",NA,NA,NA,NA,NA,NA,NA,8,9,NA
"2183",NA,NA,NA,NA,NA,NA,NA,8,9,10
"2184",NA,NA,NA,NA,NA,NA,NA,8,NA,NA
"2185",NA,NA,NA,NA,NA,NA,NA,8,9,10
"2186",NA,NA,NA,NA,NA,NA,NA,8,9,10
"2187",NA,NA,NA,NA,NA,NA,NA,8,9,NA
"2188",NA,NA,NA,NA,NA,NA,NA,8,9,NA
"2189",NA,NA,NA,NA,NA,NA,NA,8,9,NA
"2190",NA,NA,NA,NA,NA,NA,NA,8,9,10
"2191",NA,NA,NA,NA,NA,NA,NA,8,9,10
"2192",NA,NA,NA,NA,NA,NA,NA,8,9,10
"2193",NA,NA,NA,NA,NA,NA,NA,8,9,10
"2194",NA,NA,NA,NA,NA,NA,NA,8,9,10
"2195",NA,NA,NA,NA,NA,NA,NA,8,9,10
"2196",NA,NA,NA,NA,NA,NA,NA,8,9,10
"2197",NA,NA,NA,NA,NA,NA,NA,8,9,10
"2198",1,2,3,4,5,6,7,8,9,10
"2199",1,2,3,4,5,6,7,8,9,10
"2200",1,2,3,4,5,6,7,8,9,10
"2201",1,2,3,4,5,6,7,8,9,10
"2202",1,2,3,4,5,6,7,8,9,10
"2203",1,2,3,4,5,6,7,8,9,10
"2204",1,2,3,4,5,6,7,8,9,10
"2205",1,2,3,4,5,6,7,8,9,10
"2206",1,2,3,4,5,6,7,8,9,10
"2207",1,2,3,4,5,6,7,8,9,10
"2208",1,2,3,4,5,6,7,8,9,10
"2209",1,2,3,4,5,6,7,8,9,10
"2210",1,2,3,4,5,6,7,8,9,10
"2211",1,2,3,4,5,6,7,8,9,10
"2212",1,2,3,4,5,6,7,8,9,10
"2213",1,2,3,4,5,6,7,8,9,10
"2214",1,2,3,4,5,6,7,8,9,10
"2215",1,2,3,4,5,6,7,8,9,10
"2216",1,2,3,4,5,6,7,8,9,10
"2217",1,2,3,4,5,6,7,8,9,10
"2218",1,2,3,4,5,NA,7,8,NA,10
"2219",NA,NA,NA,NA,NA,NA,NA,8,NA,10
"2220",NA,NA,NA,NA,NA,NA,NA,8,NA,10
"2221",NA,NA,NA,NA,NA,NA,NA,8,NA,10
"2222",NA,NA,NA,NA,NA,NA,NA,8,NA,10
"2223",NA,NA,NA,NA,NA,NA,NA,8,NA,10
"2224",NA,NA,NA,NA,NA,NA,NA,8,NA,10
"2225",NA,NA,NA,NA,NA,NA,NA,8,NA,10
"2226",NA,NA,NA,NA,NA,NA,NA,8,NA,10
"2227",NA,NA,NA,NA,NA,NA,NA,8,NA,10
"2228",NA,NA,NA,NA,NA,NA,NA,8,NA,10
"2229",NA,NA,NA,NA,NA,NA,NA,8,NA,10
"2230",NA,NA,NA,NA,NA,NA,NA,8,NA,10
"2231",NA,NA,NA,NA,NA,NA,NA,8,NA,10
"2232",NA,NA,NA,NA,NA,NA,NA,8,NA,10
"2233",NA,NA,NA,NA,NA,NA,NA,8,NA,10
"2234",NA,NA,NA,NA,NA,NA,NA,8,NA,10
"2235",NA,NA,NA,NA,NA,6,7,8,9,10
"2236",NA,NA,NA,NA,NA,6,7,8,9,10
"2237",NA,NA,NA,NA,NA,6,7,8,9,10
"2238",NA,NA,NA,NA,NA,6,7,8,9,10
"2239",NA,NA,NA,NA,NA,6,7,8,9,10
"2240",NA,NA,NA,NA,NA,6,7,8,9,10
"2241",NA,NA,NA,NA,NA,6,7,8,9,10
"2242",NA,NA,NA,NA,NA,6,7,8,9,10
"2243",NA,NA,NA,NA,NA,6,7,8,9,10
"2244",NA,NA,NA,NA,NA,6,7,8,9,10
"2245",NA,NA,NA,NA,NA,6,7,8,9,10
"2246",NA,NA,NA,NA,NA,6,7,8,9,10
"2247",NA,NA,NA,NA,NA,6,7,8,9,10
"2248",NA,NA,NA,NA,NA,6,7,NA,9,10
"2249",NA,NA,NA,4,5,NA,7,8,9,10
"2250",NA,NA,NA,4,5,NA,7,8,9,10
"2251",NA,NA,NA,4,5,NA,7,8,9,10
"2252",NA,NA,NA,4,5,NA,7,8,9,10
"2253",NA,NA,NA,4,5,NA,7,8,9,10
"2254",NA,NA,NA,4,5,NA,7,8,9,10
"2255",NA,NA,NA,4,5,NA,7,8,9,10
"2256",NA,NA,NA,4,5,NA,7,8,9,10
"2257",NA,NA,NA,4,5,NA,7,8,9,10
"2258",NA,NA,NA,4,5,NA,7,8,9,10
"2259",NA,NA,NA,4,5,NA,7,8,9,10
"2260",NA,NA,NA,4,5,NA,7,8,9,10
"2261",NA,NA,NA,4,5,NA,7,8,9,10
"2262",NA,NA,NA,4,5,NA,7,8,9,10
"2263",NA,NA,NA,4,5,NA,7,8,9,10
"2264",NA,NA,NA,4,5,NA,7,8,9,10
"2265",NA,NA,NA,4,5,NA,7,8,9,10
"2266",NA,NA,NA,4,5,NA,7,8,9,10
"2267",NA,NA,NA,4,5,NA,7,8,9,10
"2268",NA,NA,NA,4,5,NA,7,8,9,10
"2269",NA,NA,NA,4,5,NA,NA,8,9,10
"2270",NA,2,3,NA,NA,NA,NA,NA,NA,NA
"2271",NA,NA,3,NA,NA,NA,NA,NA,NA,NA
"2272",NA,NA,3,NA,NA,NA,NA,NA,NA,NA
"2273",NA,NA,3,NA,NA,NA,NA,NA,NA,NA
"2274",NA,NA,3,NA,NA,NA,NA,NA,NA,NA
"2275",NA,NA,3,NA,NA,NA,NA,NA,NA,NA
"2276",NA,NA,3,NA,NA,NA,NA,NA,NA,NA
"2277",NA,NA,3,NA,NA,NA,NA,NA,NA,NA
"2278",NA,NA,3,NA,NA,NA,NA,NA,NA,NA
"2279",NA,2,3,NA,NA,NA,NA,NA,NA,NA
"2280",NA,2,3,NA,NA,NA,NA,NA,NA,NA
"2281",NA,2,3,NA,NA,NA,NA,NA,NA,NA
"2282",NA,2,3,NA,NA,NA,NA,NA,NA,NA
"2283",NA,2,3,NA,NA,NA,NA,NA,NA,NA
"2284",NA,2,3,NA,NA,NA,NA,NA,NA,NA
"2285",NA,2,3,NA,NA,NA,NA,NA,NA,NA
"2286",NA,2,3,NA,NA,NA,NA,NA,NA,NA
"2287",NA,2,3,NA,NA,NA,NA,NA,NA,NA
"2288",NA,2,3,NA,NA,NA,NA,NA,NA,NA
"2289",NA,2,NA,NA,NA,NA,NA,NA,NA,NA
"2290",NA,2,NA,NA,NA,NA,NA,NA,NA,NA
"2291",NA,NA,NA,NA,NA,NA,NA,8,9,NA
"2292",NA,NA,NA,NA,NA,NA,NA,8,9,NA
"2293",NA,NA,NA,NA,NA,NA,NA,8,9,NA
"2294",NA,NA,NA,NA,NA,NA,NA,8,9,NA
"2295",NA,NA,NA,NA,NA,NA,NA,8,9,NA
"2296",NA,NA,NA,NA,NA,NA,NA,8,9,NA
"2297",NA,NA,NA,NA,NA,NA,NA,8,9,NA
"2298",NA,NA,NA,NA,NA,NA,NA,8,9,NA
"2299",NA,NA,NA,NA,NA,NA,NA,8,9,NA
"2300",NA,NA,NA,NA,NA,NA,NA,8,9,NA
"2301",NA,2,3,NA,NA,NA,NA,NA,NA,NA
"2302",NA,2,3,4,5,NA,7,8,9,NA
"2303",NA,2,3,NA,NA,NA,NA,NA,NA,NA
"2304",NA,2,3,NA,NA,NA,NA,NA,9,NA
"2305",NA,2,3,NA,NA,NA,NA,NA,NA,NA
"2306",NA,2,3,NA,5,NA,NA,NA,9,NA
"2307",NA,2,3,NA,NA,NA,NA,NA,NA,NA
"2308",NA,2,3,NA,NA,NA,NA,NA,9,NA
"2309",NA,2,3,NA,NA,NA,NA,NA,9,NA
"2310",NA,2,3,4,5,NA,7,8,9,NA
"2311",NA,2,NA,4,5,NA,7,NA,NA,NA
"2312",NA,2,3,4,5,NA,7,NA,NA,NA
"2313",NA,2,3,4,5,NA,7,NA,NA,NA
"2314",NA,2,3,4,5,NA,7,8,9,NA
"2315",NA,2,3,NA,NA,NA,7,8,9,NA
"2316",NA,2,3,4,5,NA,7,8,9,NA
"2317",NA,2,3,4,5,NA,7,8,9,NA
"2318",NA,2,3,4,5,NA,7,8,9,NA
"2319",NA,2,3,4,5,NA,7,8,9,NA
"2320",1,2,3,4,NA,NA,NA,NA,NA,NA
"2321",1,2,3,4,NA,NA,NA,NA,NA,NA
"2322",1,2,3,4,NA,NA,NA,NA,NA,NA
"2323",1,2,3,4,NA,NA,NA,NA,NA,NA
"2324",1,2,3,4,NA,NA,NA,NA,NA,NA
"2325",1,2,3,4,NA,NA,NA,NA,NA,NA
"2326",1,2,3,4,NA,NA,NA,NA,NA,NA
"2327",1,2,3,4,NA,NA,NA,NA,NA,NA
"2328",1,2,3,4,NA,NA,NA,NA,NA,NA
"2329",1,NA,NA,NA,NA,NA,NA,NA,NA,NA
"2330",1,2,3,4,NA,NA,NA,NA,NA,NA
"2331",1,2,3,4,NA,NA,NA,NA,NA,NA
"2332",1,2,3,4,NA,NA,NA,NA,NA,NA
"2333",1,2,3,4,NA,NA,NA,NA,NA,NA
"2334",1,2,3,4,NA,NA,NA,NA,NA,NA
"2335",1,2,3,4,NA,NA,NA,NA,NA,NA
"2336",1,2,3,4,NA,NA,NA,NA,NA,NA
"2337",1,NA,NA,NA,NA,NA,NA,NA,NA,NA
"2338",1,NA,NA,NA,NA,NA,NA,NA,NA,NA
"2339",1,NA,NA,NA,NA,NA,NA,NA,NA,NA
"2340",1,NA,NA,NA,NA,NA,NA,NA,NA,NA
"2341",1,NA,NA,NA,NA,NA,NA,NA,NA,NA
"2342",1,NA,NA,NA,NA,NA,NA,NA,NA,NA
"2343",1,NA,NA,NA,NA,NA,NA,NA,NA,NA
"2344",1,NA,NA,NA,NA,NA,NA,NA,NA,NA
"2345",1,NA,NA,NA,NA,NA,NA,NA,NA,NA
"2346",1,NA,NA,NA,NA,NA,NA,NA,NA,NA
"2347",1,NA,NA,NA,NA,NA,NA,NA,NA,NA
"2348",1,NA,NA,NA,NA,NA,NA,NA,NA,NA
"2349",1,NA,NA,NA,NA,NA,NA,NA,NA,NA
"2350",1,NA,NA,NA,NA,NA,NA,NA,NA,NA
"2351",1,NA,NA,NA,NA,NA,NA,NA,NA,NA
"2352",1,NA,NA,NA,NA,NA,NA,NA,NA,NA
"2353",1,NA,NA,NA,NA,NA,NA,NA,NA,NA
"2354",1,NA,NA,NA,NA,NA,NA,NA,NA,NA
"2355",1,NA,NA,NA,NA,NA,NA,NA,NA,NA
"2356",1,NA,NA,NA,NA,NA,NA,NA,NA,NA
"2357",NA,NA,NA,NA,NA,NA,NA,8,NA,NA
"2358",NA,NA,NA,NA,NA,NA,NA,8,NA,10
"2359",NA,NA,NA,NA,NA,NA,NA,8,NA,10
"2360",NA,NA,NA,NA,NA,NA,NA,8,9,10
"2361",NA,NA,NA,NA,NA,NA,NA,8,9,10
"2362",NA,NA,NA,NA,NA,NA,NA,8,NA,NA
"2363",NA,NA,NA,NA,NA,NA,NA,8,9,NA
"2364",NA,NA,NA,NA,NA,NA,NA,8,NA,NA
"2365",NA,NA,NA,NA,NA,6,NA,8,9,10
"2366",NA,NA,NA,NA,NA,6,NA,8,9,10
"2367",NA,NA,NA,NA,NA,6,NA,8,9,10
"2368",NA,NA,NA,NA,NA,6,NA,8,9,10
"2369",NA,NA,NA,NA,NA,6,NA,8,9,10
"2370",NA,NA,NA,NA,NA,6,NA,8,9,10
"2371",NA,NA,NA,NA,NA,6,NA,8,9,10
"2372",NA,NA,NA,NA,NA,6,NA,8,9,10
"2373",NA,NA,NA,NA,NA,6,NA,8,9,10
"2374",NA,NA,NA,NA,NA,6,NA,8,9,10
"2375",NA,NA,NA,NA,NA,6,NA,8,9,10
"2376",NA,NA,NA,NA,NA,6,NA,8,9,10
"2377",NA,NA,NA,NA,NA,6,NA,8,9,10
"2378",NA,NA,NA,NA,NA,6,NA,8,9,10
"2379",NA,NA,NA,NA,NA,6,NA,8,9,10
"2380",NA,NA,NA,NA,NA,6,NA,8,9,10
"2381",NA,NA,NA,NA,NA,6,NA,8,9,10
"2382",NA,NA,NA,NA,NA,6,NA,8,9,10
"2383",NA,NA,NA,NA,NA,6,NA,8,9,10
"2384",NA,NA,NA,NA,NA,6,NA,8,NA,NA
