"V1","V2","V3","V4","V5","V6","V7","V8","V9","V10"
NA,NA,NA,NA,NA,151,155,152,162,160
NA,NA,NA,NA,NA,151,155,152,162,160
NA,NA,NA,NA,NA,151,155,152,162,160
NA,NA,NA,NA,NA,151,155,152,162,160
NA,NA,NA,NA,NA,151,155,152,162,160
NA,NA,NA,NA,NA,151,155,152,162,160
NA,NA,NA,NA,NA,151,155,152,153,160
NA,NA,NA,NA,NA,151,155,152,162,160
NA,NA,NA,NA,NA,151,155,152,162,160
NA,NA,NA,NA,NA,151,155,152,162,160
NA,NA,NA,NA,NA,151,155,152,162,160
NA,NA,NA,NA,NA,151,155,152,162,160
NA,NA,NA,NA,NA,151,155,152,162,160
NA,NA,NA,NA,NA,151,155,152,162,160
NA,NA,NA,NA,NA,151,155,152,162,160
NA,NA,NA,NA,NA,151,155,152,162,160
NA,NA,NA,NA,NA,151,155,152,162,160
NA,NA,NA,NA,NA,151,155,152,162,160
NA,NA,NA,NA,NA,151,155,152,162,160
NA,NA,NA,NA,NA,151,155,152,162,160
NA,NA,NA,NA,NA,151,155,152,162,160
174,NA,NA,NA,NA,NA,NA,NA,NA,NA
174,NA,NA,NA,NA,NA,NA,NA,NA,NA
174,NA,NA,NA,NA,NA,NA,NA,NA,NA
NA,NA,NA,NA,NA,161,NA,NA,NA,NA
174,NA,NA,178,NA,161,NA,NA,NA,NA
174,NA,NA,NA,NA,NA,NA,NA,NA,NA
174,NA,NA,NA,NA,NA,NA,NA,NA,NA
174,NA,NA,NA,NA,NA,NA,NA,NA,NA
174,NA,NA,NA,NA,NA,NA,NA,NA,NA
174,NA,NA,178,NA,161,NA,NA,NA,NA
174,NA,NA,178,NA,161,NA,NA,NA,NA
174,NA,NA,178,NA,161,NA,NA,NA,NA
173,NA,NA,NA,NA,NA,NA,NA,NA,NA
173,NA,NA,178,NA,161,NA,NA,NA,NA
173,NA,NA,NA,NA,NA,NA,NA,NA,NA
173,NA,NA,178,NA,161,NA,NA,NA,NA
173,NA,NA,178,NA,161,NA,NA,NA,NA
173,NA,NA,178,NA,161,NA,NA,NA,NA
173,NA,NA,178,NA,161,NA,NA,NA,NA
173,NA,NA,178,NA,161,NA,NA,NA,NA
NA,181,163,144,183,134,170,148,133,185
NA,181,163,144,183,134,170,148,133,185
NA,181,163,144,183,134,170,148,133,185
NA,181,163,144,183,134,170,148,133,185
NA,181,163,144,183,134,170,148,133,185
NA,181,163,144,183,134,170,148,133,185
NA,181,163,144,183,134,170,148,133,185
NA,181,163,144,183,134,170,148,133,185
NA,181,163,144,183,134,170,148,133,185
NA,181,163,144,183,134,170,148,133,185
NA,181,163,144,183,134,170,148,133,185
NA,181,163,144,183,134,170,148,133,185
NA,181,163,144,183,134,170,148,133,185
NA,181,163,144,183,134,170,148,133,185
NA,181,163,144,183,134,170,148,133,185
NA,181,163,144,183,134,170,148,133,185
NA,181,163,144,183,134,170,148,133,185
NA,181,163,144,183,134,170,148,133,185
NA,181,163,144,183,134,170,148,133,185
NA,181,163,144,183,134,170,148,133,185
NA,181,163,144,183,134,170,NA,133,185
NA,154,129,171,181,181,147,170,185,179
NA,179,129,171,181,181,147,170,185,179
NA,179,129,171,181,181,147,170,185,179
NA,179,129,171,181,181,147,170,185,179
NA,179,129,171,181,NA,147,170,185,179
NA,179,129,171,181,181,147,170,185,179
NA,179,129,171,181,NA,NA,NA,NA,NA
NA,179,NA,171,181,NA,NA,NA,NA,NA
NA,179,NA,171,181,NA,NA,NA,NA,179
NA,179,NA,171,181,181,147,170,185,179
NA,179,130,171,NA,NA,NA,NA,NA,179
NA,179,130,171,NA,NA,NA,NA,NA,179
NA,179,130,171,NA,NA,NA,NA,NA,179
NA,179,130,171,181,181,147,170,185,179
NA,179,130,171,NA,NA,NA,NA,185,179
NA,179,NA,171,NA,NA,NA,NA,185,179
NA,179,NA,171,NA,NA,NA,NA,185,179
NA,179,NA,171,NA,NA,NA,NA,185,179
NA,179,NA,171,NA,NA,NA,NA,185,179
153,179,139,181,181,188,NA,NA,NA,NA
153,179,NA,181,181,188,NA,NA,NA,NA
153,NA,NA,NA,NA,NA,NA,NA,NA,NA
153,NA,NA,NA,NA,188,NA,NA,NA,NA
153,NA,NA,NA,NA,NA,NA,NA,NA,NA
153,179,139,181,181,188,NA,NA,NA,NA
NA,NA,139,181,181,188,NA,NA,NA,NA
153,179,139,181,181,188,NA,NA,NA,NA
153,179,139,181,181,188,NA,NA,NA,NA
153,179,139,181,181,188,NA,NA,NA,NA
153,179,139,NA,NA,NA,NA,NA,NA,NA
153,NA,NA,NA,NA,NA,NA,NA,NA,NA
153,179,NA,NA,NA,NA,NA,NA,NA,NA
153,179,139,181,181,188,NA,NA,NA,NA
153,179,139,181,181,188,NA,NA,NA,NA
153,179,139,181,181,188,NA,NA,NA,NA
153,179,139,181,181,188,NA,NA,NA,NA
153,179,NA,NA,NA,NA,NA,NA,NA,NA
153,NA,139,NA,181,NA,NA,NA,NA,NA
NA,NA,NA,NA,NA,NA,NA,NA,168,NA
NA,NA,NA,NA,NA,NA,NA,NA,168,NA
NA,NA,NA,NA,NA,NA,NA,NA,168,NA
NA,NA,NA,NA,NA,NA,NA,NA,168,NA
NA,NA,NA,NA,NA,NA,NA,NA,168,NA
NA,NA,NA,NA,NA,NA,NA,NA,168,NA
NA,NA,NA,NA,NA,NA,NA,NA,168,NA
NA,NA,NA,NA,NA,NA,NA,NA,168,NA
139,158,189,137,140,NA,NA,NA,NA,NA
139,158,189,137,140,NA,NA,NA,NA,NA
139,158,189,137,140,NA,NA,NA,NA,NA
139,158,189,137,140,NA,NA,NA,NA,NA
139,158,189,137,140,NA,NA,NA,NA,NA
139,158,189,137,140,NA,NA,NA,NA,NA
139,158,189,137,140,NA,NA,NA,NA,NA
139,158,189,137,140,NA,NA,NA,NA,NA
139,158,189,137,140,NA,NA,NA,NA,NA
139,158,189,137,140,NA,NA,NA,NA,NA
139,158,189,137,140,NA,NA,NA,NA,NA
139,158,189,137,140,NA,NA,NA,NA,NA
139,158,189,137,140,NA,NA,NA,NA,NA
139,158,189,137,140,NA,NA,NA,NA,NA
139,158,189,137,140,NA,NA,NA,NA,NA
139,158,189,137,140,NA,NA,NA,NA,NA
139,158,189,137,140,NA,NA,NA,NA,NA
139,158,189,137,140,NA,NA,NA,NA,NA
139,158,189,137,140,NA,NA,NA,NA,NA
139,158,189,137,140,NA,NA,NA,NA,NA
156,NA,NA,NA,NA,NA,NA,NA,NA,NA
156,NA,NA,NA,NA,NA,NA,NA,NA,NA
156,NA,NA,NA,NA,NA,NA,NA,NA,NA
156,NA,NA,NA,NA,NA,NA,NA,NA,NA
156,178,140,NA,NA,150,152,NA,NA,NA
156,178,140,NA,NA,150,152,NA,NA,NA
156,178,140,NA,NA,150,152,NA,NA,NA
156,NA,NA,NA,NA,NA,NA,NA,NA,NA
156,NA,140,NA,NA,150,NA,NA,NA,NA
156,NA,NA,NA,NA,NA,NA,NA,NA,NA
156,NA,NA,NA,NA,NA,NA,NA,NA,NA
156,178,140,NA,NA,150,152,NA,NA,NA
156,178,140,NA,NA,150,152,NA,NA,NA
156,178,140,NA,NA,150,152,NA,NA,NA
156,178,NA,NA,NA,NA,152,NA,NA,NA
156,178,140,NA,NA,150,152,NA,NA,NA
156,178,140,NA,NA,150,152,NA,NA,NA
156,178,140,NA,NA,150,152,NA,NA,NA
156,NA,NA,NA,NA,NA,NA,NA,NA,NA
156,NA,NA,NA,NA,NA,152,NA,NA,NA
NA,NA,NA,NA,NA,138,150,165,172,NA
NA,NA,NA,NA,NA,138,150,165,172,NA
NA,NA,NA,NA,NA,138,150,165,172,NA
NA,NA,NA,NA,NA,138,150,165,172,NA
NA,NA,NA,NA,NA,138,150,165,172,NA
NA,NA,NA,NA,NA,138,150,165,172,NA
NA,NA,NA,NA,NA,138,150,165,172,NA
NA,NA,NA,NA,NA,138,150,165,172,NA
NA,NA,NA,NA,NA,138,150,165,172,NA
NA,NA,NA,NA,NA,138,150,165,172,NA
NA,NA,NA,NA,NA,138,150,165,172,NA
NA,NA,NA,NA,NA,138,150,165,172,NA
NA,NA,NA,NA,NA,138,150,165,172,NA
NA,NA,NA,NA,NA,138,150,165,172,NA
NA,NA,NA,NA,NA,138,150,165,172,NA
NA,NA,NA,NA,NA,138,150,165,172,NA
NA,NA,NA,NA,NA,138,150,165,172,NA
NA,NA,NA,NA,NA,158,NA,NA,NA,NA
NA,NA,161,165,NA,158,136,155,166,165
NA,NA,161,165,NA,158,136,155,166,165
NA,NA,161,165,NA,158,136,155,166,165
NA,NA,161,165,NA,158,136,155,166,165
NA,NA,161,165,NA,158,NA,155,166,165
NA,NA,161,165,NA,NA,NA,NA,NA,165
NA,NA,161,165,NA,158,NA,NA,NA,165
NA,NA,161,165,NA,NA,NA,NA,NA,NA
NA,NA,161,165,NA,158,137,155,166,165
NA,NA,161,165,NA,158,136,154,166,165
NA,NA,161,165,NA,158,NA,NA,NA,NA
NA,NA,161,165,NA,158,136,154,166,165
NA,NA,161,165,NA,158,136,154,166,165
NA,NA,161,165,NA,158,136,154,NA,NA
NA,NA,161,165,NA,158,NA,154,NA,165
NA,NA,161,165,NA,158,137,154,NA,165
NA,NA,161,165,NA,158,137,154,166,165
NA,NA,161,165,NA,158,137,154,166,165
141,152,178,157,NA,180,NA,NA,NA,NA
141,152,178,157,NA,180,NA,NA,NA,NA
141,152,178,157,NA,180,NA,NA,NA,NA
141,152,178,157,NA,180,NA,NA,NA,NA
141,152,178,157,NA,180,NA,NA,NA,NA
141,152,178,157,NA,180,NA,NA,NA,NA
141,152,178,157,NA,180,NA,NA,NA,NA
141,152,178,157,NA,180,NA,NA,NA,NA
141,152,178,157,NA,180,NA,NA,NA,NA
141,152,178,157,NA,180,NA,NA,NA,NA
141,152,178,157,NA,180,NA,NA,NA,NA
141,152,178,157,NA,180,NA,NA,NA,NA
141,152,178,157,NA,180,NA,NA,NA,NA
141,152,178,157,NA,180,NA,NA,NA,NA
141,152,178,157,NA,180,NA,NA,NA,NA
141,152,178,157,NA,180,NA,NA,NA,NA
141,152,178,157,NA,180,NA,NA,NA,NA
141,152,178,157,NA,180,NA,NA,NA,NA
141,152,178,157,NA,180,NA,NA,NA,NA
141,152,178,157,NA,180,NA,NA,NA,NA
NA,143,176,171,150,183,159,145,NA,NA
NA,143,176,171,150,183,159,145,NA,NA
NA,143,176,171,150,183,159,145,NA,NA
NA,143,176,171,150,183,159,145,NA,NA
NA,143,176,171,150,183,159,145,NA,NA
NA,143,176,171,150,183,159,145,NA,NA
NA,143,176,171,150,183,159,145,NA,NA
NA,143,176,171,150,183,159,145,NA,NA
NA,143,176,171,150,183,159,145,NA,NA
NA,143,176,171,150,183,159,145,NA,NA
NA,NA,176,171,150,183,159,145,NA,NA
NA,143,176,171,150,183,159,145,NA,NA
NA,143,176,171,150,183,159,145,NA,NA
NA,NA,NA,NA,NA,NA,NA,169,154,136
NA,NA,NA,NA,NA,NA,NA,169,154,136
NA,NA,NA,NA,NA,NA,NA,169,154,136
NA,NA,NA,NA,NA,NA,NA,169,NA,136
NA,NA,NA,NA,NA,NA,NA,169,NA,136
NA,NA,NA,NA,NA,NA,NA,169,NA,136
NA,NA,NA,NA,NA,NA,NA,169,154,136
NA,NA,NA,NA,NA,NA,NA,169,154,136
NA,NA,NA,NA,NA,NA,NA,169,154,136
NA,NA,NA,NA,NA,NA,NA,169,154,136
NA,NA,NA,NA,NA,NA,NA,169,154,136
NA,NA,NA,NA,NA,NA,NA,169,154,136
NA,NA,NA,NA,NA,NA,NA,169,NA,136
NA,NA,NA,NA,NA,NA,NA,169,154,136
NA,NA,NA,NA,NA,NA,NA,169,154,136
NA,NA,NA,NA,NA,NA,NA,169,NA,136
NA,NA,NA,NA,NA,NA,NA,169,NA,NA
NA,NA,NA,NA,NA,NA,NA,169,154,136
NA,NA,NA,NA,NA,NA,NA,169,154,136
NA,NA,NA,NA,NA,NA,NA,169,154,136
NA,NA,NA,NA,NA,NA,NA,NA,NA,170
NA,NA,NA,NA,NA,NA,NA,NA,NA,170
NA,NA,NA,NA,NA,NA,NA,NA,NA,170
NA,NA,NA,NA,NA,NA,NA,NA,NA,170
NA,NA,NA,NA,NA,NA,NA,NA,NA,170
NA,NA,NA,NA,NA,NA,NA,NA,NA,170
NA,NA,NA,NA,NA,NA,NA,NA,NA,170
NA,NA,NA,NA,NA,NA,NA,NA,NA,170
NA,NA,NA,NA,NA,NA,NA,NA,NA,170
NA,NA,NA,NA,NA,NA,NA,NA,NA,170
NA,NA,NA,NA,NA,NA,NA,NA,NA,170
NA,NA,NA,NA,NA,NA,NA,NA,NA,170
NA,NA,NA,NA,NA,NA,NA,NA,NA,170
NA,NA,NA,NA,NA,NA,NA,NA,NA,170
NA,NA,NA,NA,NA,NA,NA,NA,NA,170
NA,NA,NA,NA,NA,NA,NA,NA,NA,170
NA,NA,NA,NA,NA,NA,NA,NA,NA,170
NA,NA,NA,NA,NA,NA,NA,NA,NA,170
NA,NA,NA,NA,NA,NA,NA,NA,NA,170
NA,NA,NA,NA,NA,NA,NA,NA,NA,170
NA,NA,NA,NA,NA,NA,NA,NA,NA,170
NA,NA,NA,NA,NA,NA,166,NA,NA,NA
NA,NA,NA,NA,NA,NA,166,NA,NA,NA
NA,NA,NA,NA,NA,NA,166,NA,NA,NA
NA,NA,NA,NA,NA,NA,166,NA,NA,NA
NA,NA,NA,NA,NA,NA,166,NA,NA,NA
NA,NA,NA,NA,NA,NA,166,NA,NA,NA
NA,NA,NA,NA,NA,NA,166,NA,NA,NA
NA,NA,NA,NA,NA,NA,166,NA,NA,NA
NA,NA,NA,NA,NA,NA,166,NA,NA,NA
NA,NA,NA,NA,NA,NA,166,NA,NA,NA
NA,NA,NA,NA,NA,NA,166,NA,NA,NA
NA,NA,NA,NA,NA,NA,166,NA,NA,NA
NA,NA,NA,NA,NA,NA,166,NA,NA,NA
NA,NA,NA,NA,NA,NA,166,NA,NA,NA
NA,NA,NA,NA,NA,NA,166,NA,NA,NA
NA,NA,NA,NA,NA,NA,166,NA,NA,NA
NA,NA,NA,NA,NA,NA,166,NA,NA,NA
NA,NA,NA,NA,NA,NA,166,NA,NA,NA
NA,NA,NA,NA,NA,NA,166,NA,NA,NA
NA,NA,NA,NA,NA,NA,NA,171,155,160
NA,NA,NA,NA,NA,NA,NA,171,155,160
NA,NA,NA,NA,NA,NA,NA,171,155,160
NA,NA,NA,NA,NA,NA,NA,171,155,NA
NA,NA,NA,NA,NA,NA,NA,171,155,NA
NA,NA,NA,NA,NA,NA,NA,171,155,160
NA,NA,NA,NA,NA,NA,NA,171,155,160
NA,NA,NA,NA,NA,NA,NA,171,155,160
NA,NA,NA,NA,NA,NA,NA,171,155,160
NA,NA,NA,NA,NA,NA,NA,171,155,160
NA,NA,NA,NA,NA,NA,NA,171,155,160
NA,NA,NA,NA,NA,NA,NA,171,155,160
NA,NA,NA,NA,NA,NA,NA,171,NA,160
NA,NA,NA,NA,NA,NA,NA,171,155,160
NA,NA,NA,NA,NA,NA,NA,171,155,160
NA,NA,NA,NA,NA,NA,NA,171,155,160
NA,NA,NA,NA,NA,NA,NA,171,155,NA
NA,NA,NA,NA,NA,NA,NA,171,155,160
NA,NA,NA,NA,NA,NA,NA,171,155,160
NA,NA,NA,NA,NA,NA,NA,171,155,160
NA,NA,179,NA,NA,NA,NA,NA,NA,NA
NA,NA,179,NA,NA,NA,NA,NA,NA,NA
NA,NA,179,161,NA,NA,NA,NA,NA,NA
NA,NA,179,161,NA,NA,129,158,NA,NA
NA,NA,179,NA,NA,NA,NA,158,NA,NA
NA,NA,179,NA,NA,NA,129,158,NA,NA
NA,NA,179,161,NA,NA,NA,158,NA,NA
NA,NA,179,161,NA,NA,NA,158,NA,NA
NA,NA,179,161,NA,NA,129,158,NA,NA
NA,NA,179,161,NA,NA,130,159,NA,NA
NA,NA,179,161,NA,NA,130,159,NA,NA
NA,NA,179,161,NA,NA,130,159,NA,NA
NA,NA,179,161,NA,NA,130,NA,NA,NA
NA,NA,179,161,NA,NA,130,159,NA,NA
NA,NA,179,161,NA,NA,NA,159,NA,NA
NA,NA,179,161,NA,NA,NA,NA,NA,NA
NA,NA,179,NA,NA,NA,NA,NA,NA,NA
NA,NA,179,161,NA,NA,130,159,NA,NA
NA,NA,179,NA,NA,NA,NA,159,NA,NA
NA,NA,NA,170,155,159,156,163,160,153
NA,NA,NA,170,155,159,156,163,160,153
NA,NA,NA,170,155,159,156,163,160,153
NA,NA,NA,170,155,159,156,163,160,153
NA,NA,NA,170,155,159,156,163,160,153
NA,NA,NA,170,155,159,156,163,160,153
NA,NA,NA,170,155,159,156,163,160,153
NA,NA,NA,170,155,159,156,163,160,153
NA,NA,NA,170,155,159,156,163,160,153
NA,NA,NA,170,155,159,156,163,160,153
NA,NA,NA,170,155,159,156,163,160,153
NA,NA,NA,170,155,159,156,163,160,153
NA,NA,NA,170,155,159,156,163,160,153
NA,NA,NA,170,155,159,156,163,160,153
NA,NA,NA,170,155,159,156,163,160,153
NA,NA,NA,170,155,159,156,163,160,153
NA,NA,NA,170,155,159,156,163,160,153
NA,NA,NA,170,155,159,156,163,160,153
NA,NA,NA,170,155,159,156,163,160,153
NA,NA,NA,170,155,159,156,163,160,153
151,180,141,173,NA,NA,NA,NA,NA,NA
151,181,NA,173,NA,NA,NA,NA,NA,NA
151,181,141,173,NA,NA,NA,NA,NA,NA
151,181,141,173,NA,NA,NA,NA,NA,NA
151,181,141,173,NA,NA,NA,NA,NA,NA
151,NA,NA,173,NA,NA,NA,NA,NA,NA
151,NA,NA,NA,NA,NA,NA,NA,NA,NA
151,NA,NA,NA,NA,NA,NA,NA,NA,NA
151,181,141,173,NA,NA,NA,NA,NA,NA
151,181,141,NA,NA,NA,NA,NA,NA,NA
151,NA,141,NA,NA,NA,NA,NA,NA,NA
151,181,141,173,NA,NA,NA,NA,NA,NA
151,181,141,NA,NA,NA,NA,NA,NA,NA
151,NA,141,173,NA,NA,NA,NA,NA,NA
151,NA,NA,NA,NA,NA,NA,NA,NA,NA
151,181,141,173,NA,NA,NA,NA,NA,NA
151,181,141,173,NA,NA,NA,NA,NA,NA
151,181,141,173,NA,NA,NA,NA,NA,NA
151,181,141,173,NA,NA,NA,NA,NA,NA
151,181,141,173,NA,NA,NA,NA,NA,NA
NA,NA,NA,NA,NA,NA,NA,NA,NA,185
NA,NA,NA,NA,NA,NA,NA,NA,NA,185
NA,NA,NA,NA,NA,NA,NA,NA,NA,185
NA,NA,NA,NA,NA,NA,NA,NA,NA,185
NA,NA,NA,NA,NA,NA,NA,NA,NA,185
NA,NA,NA,NA,NA,NA,NA,NA,NA,185
NA,NA,NA,NA,NA,NA,NA,NA,NA,185
NA,NA,NA,NA,NA,NA,NA,NA,NA,185
NA,NA,NA,NA,NA,NA,NA,NA,NA,185
NA,NA,NA,NA,NA,NA,NA,NA,NA,185
NA,NA,NA,NA,NA,NA,NA,NA,NA,185
NA,NA,NA,NA,NA,NA,NA,NA,NA,185
NA,NA,NA,NA,NA,NA,NA,NA,NA,185
NA,NA,NA,NA,NA,NA,NA,NA,NA,185
NA,NA,NA,NA,NA,NA,NA,NA,NA,185
NA,NA,NA,NA,NA,NA,NA,NA,NA,185
NA,NA,NA,NA,NA,NA,NA,NA,NA,185
NA,NA,NA,NA,NA,NA,NA,NA,NA,185
NA,NA,NA,NA,NA,NA,NA,NA,NA,185
NA,NA,NA,NA,NA,NA,NA,NA,NA,185
NA,177,NA,191,NA,NA,NA,NA,NA,NA
147,NA,184,191,NA,NA,NA,NA,NA,NA
147,NA,184,191,NA,NA,NA,NA,NA,NA
147,NA,184,191,NA,NA,NA,NA,NA,NA
147,NA,184,191,NA,NA,NA,NA,NA,NA
147,NA,184,191,NA,NA,NA,NA,NA,NA
147,NA,184,191,NA,NA,NA,NA,NA,NA
147,NA,184,191,NA,NA,NA,NA,NA,NA
147,NA,184,191,NA,NA,NA,NA,NA,NA
147,NA,184,191,NA,NA,NA,NA,NA,NA
147,NA,184,191,NA,NA,NA,NA,NA,NA
147,177,184,191,NA,NA,NA,NA,NA,NA
147,177,184,191,NA,NA,NA,NA,NA,NA
147,177,184,191,NA,NA,NA,NA,NA,NA
147,177,184,191,NA,NA,NA,NA,NA,NA
147,177,184,191,NA,NA,NA,NA,NA,NA
147,177,184,191,NA,NA,NA,NA,NA,NA
147,177,184,191,NA,NA,NA,NA,NA,NA
147,177,184,191,NA,NA,NA,NA,NA,NA
175,NA,NA,NA,NA,NA,NA,NA,NA,NA
175,NA,NA,NA,NA,NA,NA,NA,NA,NA
175,NA,NA,NA,NA,NA,NA,NA,NA,NA
175,NA,NA,NA,NA,NA,NA,NA,NA,NA
175,NA,NA,NA,NA,NA,NA,NA,NA,NA
175,NA,NA,NA,NA,NA,NA,NA,NA,NA
175,NA,NA,NA,NA,NA,NA,NA,NA,NA
175,NA,NA,NA,NA,NA,NA,NA,NA,NA
175,NA,NA,NA,NA,NA,NA,NA,NA,NA
175,NA,NA,NA,NA,NA,NA,NA,NA,NA
175,NA,NA,NA,NA,NA,NA,NA,NA,NA
175,NA,NA,NA,NA,NA,NA,NA,NA,NA
175,NA,NA,NA,NA,NA,NA,NA,NA,NA
175,NA,NA,NA,NA,NA,NA,NA,NA,NA
175,NA,NA,NA,NA,NA,NA,NA,NA,NA
175,NA,NA,NA,NA,NA,NA,NA,NA,NA
175,NA,NA,NA,NA,NA,NA,NA,NA,NA
175,NA,NA,NA,NA,NA,NA,NA,NA,NA
175,NA,NA,NA,NA,NA,NA,NA,NA,NA
175,NA,NA,NA,NA,NA,NA,NA,NA,NA
156,157,162,NA,NA,NA,NA,NA,NA,NA
156,157,162,NA,NA,NA,NA,NA,NA,NA
156,157,NA,NA,NA,NA,NA,NA,NA,NA
156,157,162,NA,NA,NA,NA,NA,NA,NA
156,157,NA,NA,NA,NA,NA,NA,NA,NA
156,157,162,NA,NA,NA,NA,NA,NA,NA
156,NA,NA,NA,NA,NA,NA,NA,NA,NA
156,157,162,NA,NA,NA,NA,NA,NA,NA
156,157,NA,NA,NA,NA,NA,NA,NA,NA
156,157,NA,NA,NA,NA,NA,NA,NA,NA
156,157,162,NA,NA,NA,NA,NA,NA,NA
156,157,162,NA,NA,NA,NA,NA,NA,NA
156,157,162,NA,NA,NA,NA,NA,NA,NA
156,157,162,NA,NA,NA,NA,NA,NA,NA
156,157,162,NA,NA,NA,NA,NA,NA,NA
156,157,162,NA,NA,NA,NA,NA,NA,NA
156,157,162,NA,NA,NA,NA,NA,NA,NA
156,157,162,NA,NA,NA,NA,NA,NA,NA
156,157,162,NA,NA,NA,NA,NA,NA,NA
156,157,162,NA,NA,NA,NA,NA,NA,NA
149,156,152,163,NA,NA,173,NA,NA,NA
149,156,NA,163,NA,NA,173,NA,NA,NA
149,156,152,163,NA,NA,173,NA,NA,NA
149,156,152,163,NA,NA,173,NA,NA,NA
149,156,152,163,NA,NA,173,NA,NA,NA
149,NA,152,NA,NA,NA,NA,NA,NA,NA
149,NA,152,NA,NA,NA,NA,NA,NA,NA
149,NA,152,NA,NA,NA,NA,NA,NA,NA
149,156,152,163,NA,NA,173,NA,NA,NA
149,157,152,163,NA,NA,173,NA,NA,NA
149,157,152,163,NA,NA,173,NA,NA,NA
149,157,152,163,NA,NA,173,NA,NA,NA
149,157,152,163,NA,NA,173,NA,NA,NA
149,157,152,163,NA,NA,173,NA,NA,NA
149,157,152,163,NA,NA,173,NA,NA,NA
149,157,152,163,NA,NA,173,NA,NA,NA
149,157,152,163,NA,NA,173,NA,NA,NA
149,157,152,163,NA,NA,173,NA,NA,NA
149,157,152,163,NA,NA,173,NA,NA,NA
186,171,165,NA,NA,NA,NA,NA,NA,NA
186,171,165,NA,NA,NA,NA,NA,NA,NA
186,171,165,NA,NA,NA,NA,NA,NA,NA
186,171,165,NA,NA,NA,NA,NA,NA,NA
186,171,165,NA,NA,NA,NA,NA,NA,NA
186,171,165,NA,NA,NA,NA,NA,NA,NA
186,171,165,NA,NA,NA,NA,NA,NA,NA
186,171,165,NA,NA,NA,NA,NA,NA,NA
186,171,165,NA,NA,NA,NA,NA,NA,NA
186,171,165,NA,NA,NA,NA,NA,NA,NA
186,171,165,NA,NA,NA,NA,NA,NA,NA
186,171,165,NA,NA,NA,NA,NA,NA,NA
186,171,165,NA,NA,NA,NA,NA,NA,NA
186,171,165,NA,NA,NA,NA,NA,NA,NA
186,171,165,NA,NA,NA,NA,NA,NA,NA
186,171,165,NA,NA,NA,NA,NA,NA,NA
186,171,165,NA,NA,NA,NA,NA,NA,NA
186,171,165,NA,NA,NA,NA,NA,NA,NA
186,171,165,NA,NA,NA,NA,NA,NA,NA
NA,171,153,158,NA,NA,NA,NA,181,173
NA,171,153,158,NA,NA,NA,NA,181,173
NA,171,153,158,NA,NA,NA,NA,181,173
NA,171,153,158,NA,NA,NA,NA,181,173
NA,171,153,158,NA,NA,NA,NA,181,173
NA,171,153,158,NA,NA,NA,NA,181,173
NA,171,153,158,NA,NA,NA,NA,181,173
NA,171,153,158,NA,NA,NA,NA,181,173
NA,171,153,158,NA,NA,NA,NA,181,173
NA,171,153,158,NA,NA,NA,NA,181,173
NA,171,153,158,NA,NA,NA,NA,NA,173
NA,171,153,158,NA,NA,NA,NA,NA,173
NA,171,153,158,NA,NA,NA,NA,NA,173
NA,171,153,158,NA,NA,NA,NA,NA,173
NA,171,153,158,NA,NA,NA,NA,NA,173
NA,171,153,158,NA,NA,NA,NA,NA,173
NA,171,153,158,NA,NA,NA,NA,181,173
NA,171,153,158,NA,NA,NA,NA,181,173
NA,171,153,158,NA,NA,NA,NA,181,173
NA,171,153,158,NA,NA,NA,NA,181,173
NA,NA,NA,NA,NA,NA,NA,NA,181,NA
NA,NA,NA,182,138,184,NA,135,146,183
NA,NA,NA,182,138,184,NA,135,146,183
NA,NA,NA,182,138,184,NA,135,146,NA
NA,NA,NA,182,138,184,NA,135,146,183
NA,NA,NA,182,138,184,NA,135,146,183
NA,NA,NA,182,138,184,NA,135,146,183
NA,NA,NA,182,138,184,NA,135,146,183
NA,NA,NA,182,138,184,NA,135,146,183
NA,NA,NA,182,138,184,NA,135,146,183
NA,NA,NA,182,138,184,NA,135,146,183
NA,NA,NA,182,138,184,NA,135,146,183
NA,NA,NA,182,138,184,NA,135,146,183
NA,NA,NA,182,138,184,NA,135,146,183
NA,NA,NA,182,138,184,NA,135,146,183
NA,NA,NA,182,138,184,NA,135,146,183
NA,NA,NA,182,138,184,NA,135,146,183
NA,NA,NA,182,138,184,NA,135,146,183
NA,NA,NA,182,138,184,NA,135,146,183
NA,NA,NA,182,138,184,NA,135,146,183
NA,NA,NA,NA,NA,NA,NA,145,156,NA
NA,NA,NA,NA,NA,NA,145,145,156,NA
NA,NA,NA,NA,NA,NA,145,145,156,NA
NA,NA,NA,NA,NA,NA,145,145,156,NA
NA,NA,NA,NA,NA,NA,145,145,156,NA
NA,NA,NA,NA,NA,NA,145,145,156,NA
NA,NA,NA,NA,NA,NA,145,145,156,NA
NA,NA,NA,NA,NA,NA,145,145,156,NA
NA,NA,NA,NA,NA,NA,145,145,156,NA
NA,NA,NA,NA,NA,NA,145,145,156,NA
NA,NA,NA,NA,NA,NA,145,145,156,NA
NA,NA,NA,NA,NA,NA,145,NA,156,NA
NA,NA,NA,NA,NA,NA,145,145,156,NA
NA,NA,NA,NA,NA,NA,145,145,156,NA
NA,NA,NA,NA,NA,NA,145,145,156,NA
NA,NA,NA,NA,NA,NA,145,145,156,NA
NA,NA,NA,NA,NA,NA,145,145,156,NA
NA,NA,NA,NA,NA,NA,145,145,156,NA
NA,NA,NA,NA,NA,NA,145,145,156,NA
NA,NA,NA,NA,NA,NA,145,145,156,NA
NA,NA,NA,NA,NA,NA,145,145,156,NA
NA,NA,NA,NA,NA,NA,177,NA,182,NA
NA,NA,NA,NA,NA,NA,177,NA,182,NA
NA,NA,NA,NA,NA,NA,177,NA,182,NA
NA,NA,NA,NA,NA,NA,177,NA,182,NA
NA,NA,NA,NA,NA,NA,177,NA,182,NA
NA,NA,NA,NA,NA,NA,177,NA,NA,NA
NA,NA,NA,NA,NA,NA,177,NA,182,NA
NA,NA,NA,NA,NA,NA,177,NA,182,NA
NA,NA,NA,NA,NA,NA,177,NA,NA,NA
NA,NA,NA,NA,NA,NA,177,NA,NA,NA
NA,NA,NA,NA,NA,NA,177,NA,182,NA
NA,NA,NA,NA,NA,NA,177,NA,NA,NA
NA,NA,NA,NA,NA,NA,177,NA,NA,NA
NA,NA,NA,NA,NA,NA,177,NA,NA,NA
NA,NA,NA,NA,NA,NA,177,NA,182,NA
NA,NA,NA,NA,NA,NA,177,NA,182,NA
NA,NA,NA,NA,NA,NA,177,NA,182,NA
NA,NA,NA,NA,NA,NA,177,NA,182,NA
NA,NA,NA,NA,NA,NA,177,NA,182,NA
NA,NA,NA,NA,NA,NA,177,NA,NA,NA
NA,NA,NA,NA,NA,NA,177,NA,NA,NA
NA,NA,NA,NA,NA,NA,NA,NA,173,171
NA,NA,NA,NA,NA,NA,NA,NA,173,171
NA,NA,NA,NA,NA,NA,NA,NA,173,171
NA,NA,NA,NA,NA,NA,NA,NA,173,171
NA,NA,NA,NA,NA,NA,NA,NA,173,171
NA,NA,NA,NA,NA,NA,NA,NA,173,171
NA,NA,NA,NA,NA,NA,NA,NA,173,171
NA,NA,NA,NA,NA,NA,NA,NA,173,171
NA,NA,NA,NA,NA,NA,NA,NA,173,171
NA,NA,NA,NA,NA,NA,NA,NA,173,171
NA,NA,NA,NA,NA,NA,NA,NA,173,171
NA,NA,NA,NA,NA,NA,NA,NA,173,171
NA,NA,NA,NA,NA,NA,NA,NA,173,171
NA,NA,NA,NA,NA,NA,NA,NA,173,171
NA,NA,NA,NA,NA,NA,NA,NA,173,171
NA,NA,NA,NA,NA,NA,NA,NA,173,171
NA,NA,NA,NA,NA,NA,NA,NA,173,171
NA,NA,NA,NA,NA,NA,NA,NA,173,171
NA,NA,NA,NA,NA,NA,NA,NA,173,171
NA,NA,NA,NA,NA,NA,NA,NA,173,171
NA,NA,NA,NA,NA,NA,NA,NA,191,193
NA,NA,NA,NA,NA,NA,NA,NA,191,NA
NA,NA,NA,144,169,149,142,154,191,193
NA,NA,NA,144,169,149,142,154,191,193
NA,NA,NA,144,169,149,142,154,191,193
NA,NA,NA,144,169,149,142,154,191,193
NA,NA,NA,144,169,149,142,154,191,193
NA,NA,NA,144,169,149,142,154,191,193
NA,NA,NA,144,169,149,142,154,191,193
NA,NA,NA,144,169,149,142,154,191,193
NA,NA,NA,144,169,NA,NA,154,NA,NA
NA,NA,NA,NA,NA,NA,NA,154,NA,NA
NA,NA,NA,NA,NA,NA,NA,154,NA,NA
NA,NA,NA,NA,NA,NA,NA,154,NA,NA
NA,NA,NA,NA,NA,NA,NA,154,NA,NA
NA,NA,NA,NA,NA,NA,NA,154,NA,NA
NA,NA,NA,NA,NA,NA,NA,154,NA,NA
NA,NA,NA,NA,NA,NA,NA,154,NA,NA
NA,NA,NA,144,169,149,142,154,191,193
NA,NA,NA,NA,NA,NA,NA,154,NA,NA
153,NA,177,141,NA,NA,148,149,NA,NA
153,NA,177,141,NA,NA,148,149,NA,NA
153,NA,177,141,NA,NA,148,149,NA,NA
153,NA,177,141,NA,NA,148,149,NA,NA
153,NA,177,141,NA,NA,148,149,NA,NA
NA,NA,177,NA,NA,NA,NA,149,NA,NA
153,NA,177,141,NA,NA,148,149,NA,NA
NA,NA,177,NA,NA,NA,NA,149,NA,NA
NA,NA,177,NA,NA,NA,NA,149,NA,NA
NA,NA,177,NA,NA,NA,NA,149,NA,NA
153,NA,177,141,NA,NA,148,149,NA,NA
153,NA,177,NA,NA,NA,148,149,NA,NA
153,NA,177,141,NA,NA,148,149,NA,NA
153,NA,NA,NA,NA,NA,148,149,NA,NA
153,NA,NA,NA,NA,NA,NA,149,NA,NA
153,NA,NA,NA,NA,NA,NA,149,NA,NA
153,NA,NA,NA,NA,NA,NA,149,NA,NA
153,NA,NA,NA,NA,NA,NA,149,NA,NA
153,NA,NA,NA,NA,NA,NA,149,NA,NA
153,NA,NA,NA,NA,NA,NA,NA,NA,NA
152,148,NA,NA,NA,NA,NA,NA,NA,NA
152,148,NA,NA,NA,NA,NA,NA,NA,NA
152,148,NA,NA,NA,NA,NA,NA,NA,NA
152,148,NA,NA,NA,NA,NA,NA,NA,NA
152,148,NA,NA,NA,NA,NA,NA,NA,NA
152,148,NA,NA,NA,NA,NA,NA,NA,NA
152,148,NA,NA,NA,NA,NA,NA,NA,NA
152,148,NA,NA,NA,NA,NA,NA,NA,NA
152,148,NA,NA,NA,NA,NA,NA,NA,NA
152,148,NA,NA,NA,NA,NA,NA,NA,NA
152,148,NA,NA,NA,NA,NA,NA,NA,NA
152,148,NA,NA,NA,NA,NA,NA,NA,NA
152,NA,NA,NA,NA,NA,NA,NA,NA,NA
152,148,NA,NA,NA,NA,NA,NA,NA,NA
152,NA,NA,NA,NA,NA,NA,NA,NA,NA
152,NA,NA,NA,NA,NA,NA,NA,NA,NA
152,NA,NA,NA,NA,NA,NA,NA,NA,NA
152,NA,NA,NA,NA,NA,NA,NA,NA,NA
152,NA,NA,NA,NA,NA,NA,NA,NA,NA
152,148,NA,NA,NA,NA,NA,NA,NA,NA
NA,NA,NA,NA,150,NA,154,157,159,NA
NA,NA,NA,NA,150,NA,154,157,159,NA
NA,NA,NA,NA,150,NA,154,157,159,NA
NA,NA,NA,NA,150,NA,154,157,159,NA
NA,NA,NA,NA,150,NA,154,157,159,NA
NA,NA,NA,NA,150,NA,154,157,159,NA
NA,NA,NA,NA,150,NA,154,157,159,NA
NA,NA,NA,NA,150,NA,154,157,159,NA
NA,NA,NA,NA,150,NA,154,157,159,NA
NA,NA,NA,NA,150,NA,154,157,159,NA
NA,NA,NA,NA,150,NA,154,157,159,NA
NA,NA,NA,NA,150,NA,154,157,159,NA
NA,NA,NA,NA,150,NA,154,157,159,NA
NA,NA,NA,NA,150,NA,NA,157,159,NA
NA,NA,NA,NA,150,NA,154,157,159,NA
NA,NA,NA,NA,150,NA,154,157,159,NA
NA,NA,NA,NA,150,NA,154,157,159,NA
NA,NA,NA,NA,150,NA,154,157,159,NA
NA,NA,NA,149,172,163,160,158,162,159
NA,NA,NA,149,172,163,160,158,162,159
NA,NA,NA,149,172,163,160,158,162,159
NA,NA,NA,149,172,163,160,158,162,159
NA,NA,NA,149,172,163,160,158,162,159
NA,NA,NA,149,172,163,160,158,162,159
NA,NA,NA,149,172,163,160,158,162,159
NA,NA,NA,149,172,163,160,158,162,159
NA,NA,NA,149,172,163,160,158,162,159
NA,NA,NA,149,172,163,160,158,162,159
NA,NA,NA,149,172,163,160,158,162,159
NA,NA,NA,149,172,163,160,158,162,159
NA,NA,NA,149,172,163,160,158,162,159
NA,NA,NA,149,172,163,160,158,162,159
NA,NA,NA,149,172,163,160,158,162,159
NA,NA,NA,149,172,163,160,158,162,159
NA,NA,NA,149,172,163,160,158,162,159
NA,NA,NA,149,172,163,160,158,162,159
NA,NA,NA,149,NA,163,160,158,162,159
NA,NA,NA,149,172,163,160,158,162,NA
NA,NA,NA,NA,NA,NA,NA,169,180,164
NA,NA,NA,NA,NA,NA,NA,169,180,164
NA,NA,NA,NA,NA,NA,NA,169,180,164
NA,NA,NA,NA,NA,NA,NA,169,180,164
NA,NA,NA,NA,NA,NA,NA,169,180,164
NA,NA,NA,NA,NA,NA,NA,169,180,164
NA,NA,NA,NA,NA,NA,NA,169,180,164
NA,NA,NA,NA,NA,NA,NA,169,180,164
NA,NA,NA,NA,NA,NA,NA,169,180,164
NA,NA,NA,NA,NA,NA,NA,169,180,164
NA,NA,NA,NA,NA,NA,NA,169,180,164
NA,NA,NA,NA,NA,NA,NA,169,180,164
NA,NA,NA,NA,NA,NA,NA,169,180,164
NA,NA,NA,NA,NA,NA,NA,169,180,164
NA,NA,NA,NA,NA,NA,NA,169,180,164
NA,NA,NA,NA,NA,NA,NA,169,180,164
NA,NA,NA,NA,NA,NA,NA,169,180,164
NA,NA,NA,NA,NA,NA,NA,169,180,164
NA,NA,NA,NA,NA,NA,NA,169,180,164
NA,NA,NA,NA,NA,NA,NA,169,180,164
NA,145,142,151,147,167,151,140,NA,141
NA,145,142,151,147,167,151,140,NA,141
NA,145,142,151,147,167,151,140,NA,141
NA,145,142,151,147,167,151,140,NA,141
NA,145,142,151,147,167,151,140,NA,141
NA,145,142,151,147,167,151,140,NA,141
NA,145,142,151,147,167,151,140,NA,141
NA,145,142,151,147,167,151,140,NA,141
NA,145,142,151,147,167,151,140,NA,141
NA,145,142,151,147,167,151,140,NA,141
NA,145,142,NA,NA,NA,NA,NA,NA,NA
NA,NA,NA,NA,147,167,NA,NA,NA,NA
NA,145,142,151,147,167,151,140,NA,141
NA,145,142,151,147,167,151,140,NA,141
NA,145,142,151,147,167,151,140,NA,141
NA,145,142,151,147,167,151,140,NA,141
NA,NA,NA,NA,147,167,151,140,NA,141
NA,NA,NA,NA,147,167,151,140,NA,141
NA,NA,NA,NA,147,167,151,140,NA,141
NA,NA,NA,NA,147,167,151,140,NA,141
NA,NA,NA,NA,147,167,151,140,NA,141
NA,NA,NA,NA,139,134,139,150,149,157
NA,NA,NA,NA,139,NA,139,NA,NA,NA
NA,NA,NA,NA,139,NA,139,150,149,157
NA,NA,NA,NA,139,134,139,150,149,157
NA,NA,NA,NA,139,NA,139,150,NA,157
NA,NA,NA,NA,139,134,NA,NA,NA,NA
NA,NA,NA,NA,139,NA,NA,NA,149,NA
NA,NA,NA,NA,139,134,NA,NA,149,157
NA,NA,NA,NA,139,134,139,150,149,157
NA,NA,NA,NA,139,134,139,150,149,NA
NA,NA,NA,NA,139,NA,139,150,NA,157
NA,NA,NA,NA,NA,NA,NA,NA,NA,187
NA,NA,NA,NA,NA,NA,NA,NA,NA,187
NA,NA,NA,NA,NA,NA,NA,NA,NA,187
NA,NA,NA,NA,NA,NA,NA,NA,NA,187
NA,NA,NA,NA,NA,NA,NA,NA,NA,187
NA,NA,NA,NA,NA,NA,NA,NA,NA,187
NA,NA,NA,NA,NA,NA,NA,NA,NA,187
NA,NA,NA,NA,NA,NA,NA,NA,NA,187
NA,NA,NA,NA,NA,NA,NA,NA,NA,187
NA,NA,NA,NA,NA,NA,NA,NA,NA,187
NA,NA,NA,NA,NA,NA,NA,NA,NA,187
NA,NA,NA,NA,NA,NA,NA,NA,NA,187
NA,NA,NA,NA,NA,NA,NA,NA,NA,187
NA,NA,NA,NA,NA,NA,NA,NA,NA,187
NA,NA,NA,NA,NA,NA,NA,NA,NA,187
NA,NA,NA,NA,NA,NA,NA,NA,NA,187
NA,NA,NA,NA,NA,NA,NA,NA,NA,187
NA,NA,NA,NA,NA,NA,NA,NA,NA,187
NA,NA,NA,NA,NA,NA,NA,NA,NA,187
NA,NA,NA,NA,NA,NA,NA,NA,NA,187
NA,NA,NA,NA,NA,167,181,NA,166,163
NA,NA,NA,NA,NA,167,181,NA,166,163
NA,NA,NA,NA,NA,167,181,NA,166,163
NA,NA,NA,NA,NA,167,181,NA,166,163
NA,NA,NA,NA,NA,167,181,NA,166,163
NA,NA,NA,NA,NA,167,181,NA,166,163
NA,NA,NA,NA,NA,167,181,NA,NA,163
NA,NA,NA,NA,NA,167,181,NA,NA,163
NA,NA,NA,NA,NA,167,181,NA,166,163
NA,NA,NA,NA,NA,167,181,NA,166,163
NA,NA,NA,NA,NA,167,181,NA,166,163
NA,NA,NA,NA,NA,167,181,NA,166,163
NA,NA,NA,NA,NA,167,181,NA,166,163
NA,NA,NA,NA,NA,167,181,NA,166,163
NA,NA,NA,NA,NA,167,181,NA,166,NA
NA,NA,NA,NA,NA,167,181,NA,166,NA
NA,NA,NA,NA,NA,NA,NA,NA,166,163
NA,NA,NA,NA,NA,NA,NA,NA,166,163
168,NA,NA,NA,NA,NA,NA,NA,NA,NA
168,NA,NA,NA,NA,NA,NA,NA,NA,NA
168,NA,NA,NA,NA,NA,NA,NA,NA,NA
168,NA,NA,NA,NA,NA,NA,NA,NA,NA
168,NA,NA,NA,NA,NA,NA,NA,NA,NA
168,NA,NA,NA,NA,NA,NA,NA,NA,NA
168,NA,NA,NA,NA,NA,NA,NA,NA,NA
168,NA,NA,NA,NA,NA,NA,NA,NA,NA
168,NA,NA,NA,NA,NA,NA,NA,NA,NA
168,NA,NA,NA,NA,NA,NA,NA,NA,NA
168,NA,NA,NA,NA,NA,NA,NA,NA,NA
168,NA,NA,NA,NA,NA,NA,NA,NA,NA
168,NA,NA,NA,NA,NA,NA,NA,NA,NA
168,NA,NA,NA,NA,NA,NA,NA,NA,NA
168,NA,NA,NA,NA,NA,NA,NA,NA,NA
168,NA,NA,NA,NA,NA,NA,NA,NA,NA
168,NA,NA,NA,NA,NA,NA,NA,NA,NA
168,NA,NA,NA,NA,NA,NA,NA,NA,NA
NA,NA,NA,NA,NA,139,176,164,NA,193
NA,NA,NA,NA,NA,139,176,164,NA,193
NA,NA,NA,NA,NA,139,176,164,NA,193
NA,NA,NA,NA,NA,139,176,164,NA,193
NA,NA,NA,NA,NA,139,176,164,NA,193
NA,NA,NA,NA,NA,139,176,164,NA,193
NA,NA,NA,NA,NA,139,176,164,NA,193
NA,NA,NA,NA,NA,139,176,164,NA,193
NA,NA,NA,NA,NA,139,176,164,NA,193
NA,NA,NA,NA,NA,139,176,164,NA,193
NA,NA,NA,NA,NA,139,176,164,NA,192
NA,NA,NA,NA,NA,139,176,164,NA,192
NA,NA,NA,NA,NA,139,176,164,NA,192
NA,NA,NA,NA,NA,139,176,164,NA,192
NA,NA,NA,NA,NA,139,176,164,NA,192
NA,NA,NA,NA,NA,139,176,164,NA,192
NA,NA,NA,NA,NA,139,NA,164,NA,192
NA,NA,NA,NA,NA,139,176,164,NA,192
NA,NA,NA,NA,NA,139,176,164,NA,192
137,150,161,NA,155,NA,NA,NA,NA,NA
137,150,161,NA,155,NA,NA,NA,NA,NA
137,150,161,NA,155,NA,NA,NA,NA,NA
137,150,161,NA,155,NA,NA,NA,NA,NA
137,150,161,NA,155,NA,NA,NA,NA,NA
137,150,161,NA,155,NA,NA,NA,NA,NA
137,150,161,NA,155,NA,NA,NA,NA,NA
137,NA,NA,NA,NA,NA,NA,NA,NA,NA
137,150,NA,NA,NA,NA,NA,NA,NA,NA
NA,150,NA,NA,NA,NA,NA,NA,NA,NA
137,NA,NA,NA,NA,NA,NA,NA,NA,NA
137,NA,NA,NA,NA,NA,NA,NA,NA,NA
137,NA,NA,NA,NA,NA,NA,NA,NA,NA
137,NA,NA,NA,NA,NA,NA,NA,NA,NA
137,150,NA,NA,NA,NA,NA,NA,NA,NA
137,NA,161,NA,NA,NA,NA,NA,NA,NA
NA,126,141,NA,152,NA,NA,NA,NA,NA
NA,126,141,NA,152,NA,NA,NA,NA,NA
NA,126,141,NA,152,NA,NA,NA,NA,NA
NA,126,141,NA,152,NA,NA,NA,NA,NA
NA,126,141,NA,152,NA,NA,NA,NA,NA
NA,126,141,NA,152,NA,NA,NA,NA,NA
NA,126,141,NA,152,NA,NA,NA,NA,NA
NA,126,141,NA,152,NA,NA,NA,NA,NA
NA,126,141,NA,152,NA,NA,NA,NA,NA
NA,126,141,NA,152,NA,NA,NA,NA,NA
NA,126,141,NA,152,NA,NA,NA,NA,NA
NA,126,141,NA,152,NA,NA,NA,NA,NA
NA,126,141,NA,152,NA,NA,NA,NA,NA
NA,126,141,NA,152,NA,NA,NA,NA,NA
NA,126,141,NA,152,NA,NA,NA,NA,NA
NA,126,141,NA,152,NA,NA,NA,NA,NA
181,174,190,160,178,180,151,NA,176,139
181,174,190,160,178,180,151,NA,176,139
181,174,190,160,178,180,151,NA,176,139
181,174,190,160,178,180,151,NA,176,139
181,174,190,160,178,180,151,NA,176,139
181,174,190,160,178,180,151,NA,176,139
181,174,190,160,178,180,151,NA,176,139
181,NA,190,160,NA,180,NA,NA,NA,NA
181,174,190,160,178,180,151,NA,176,139
181,174,190,160,178,180,151,NA,176,139
NA,NA,NA,NA,178,NA,151,NA,NA,NA
NA,NA,NA,NA,178,180,151,NA,176,139
NA,NA,NA,NA,178,NA,151,NA,NA,NA
NA,NA,NA,NA,NA,NA,151,NA,176,NA
NA,NA,NA,NA,NA,NA,151,NA,176,NA
NA,NA,NA,NA,178,180,151,NA,176,139
NA,NA,NA,NA,178,180,151,NA,176,139
NA,NA,NA,NA,178,NA,151,NA,176,139
153,NA,NA,NA,NA,NA,NA,NA,NA,NA
153,NA,NA,NA,NA,NA,NA,NA,NA,NA
153,NA,NA,NA,NA,NA,NA,NA,NA,NA
153,NA,NA,NA,NA,NA,NA,NA,NA,NA
153,NA,NA,NA,NA,NA,NA,NA,NA,NA
153,NA,NA,NA,NA,NA,NA,NA,NA,NA
153,NA,NA,NA,NA,NA,NA,NA,NA,NA
153,NA,NA,NA,NA,NA,NA,NA,NA,NA
153,NA,NA,NA,NA,NA,NA,NA,NA,NA
153,NA,NA,NA,NA,NA,NA,NA,NA,NA
153,NA,NA,NA,NA,NA,NA,NA,NA,NA
153,NA,NA,NA,NA,NA,NA,NA,NA,NA
153,NA,NA,NA,NA,NA,NA,NA,NA,NA
153,NA,NA,NA,NA,NA,NA,NA,NA,NA
153,NA,NA,NA,NA,NA,NA,NA,NA,NA
153,NA,NA,NA,NA,NA,NA,NA,NA,NA
153,NA,NA,NA,NA,NA,NA,NA,NA,NA
153,NA,NA,NA,NA,NA,NA,NA,NA,NA
153,NA,NA,NA,NA,NA,NA,NA,NA,NA
153,NA,NA,NA,NA,NA,NA,NA,NA,NA
167,164,143,NA,175,180,NA,NA,NA,NA
167,164,143,NA,175,180,NA,NA,NA,NA
167,164,143,NA,175,180,NA,NA,NA,NA
167,164,143,NA,175,180,NA,NA,NA,NA
167,164,143,NA,175,180,NA,NA,NA,NA
167,164,143,NA,175,180,NA,NA,NA,NA
167,164,143,NA,175,NA,NA,NA,NA,NA
167,164,143,NA,175,NA,NA,NA,NA,NA
167,164,143,NA,NA,NA,NA,NA,NA,NA
167,NA,143,NA,NA,NA,NA,NA,NA,NA
NA,NA,NA,NA,175,180,NA,NA,NA,NA
NA,NA,NA,NA,NA,180,NA,NA,NA,NA
NA,NA,NA,NA,NA,180,NA,NA,NA,NA
167,164,143,NA,175,180,NA,NA,NA,NA
167,164,143,NA,175,180,NA,NA,NA,NA
167,164,143,NA,175,180,NA,NA,NA,NA
167,164,143,NA,175,180,NA,NA,NA,NA
167,164,143,NA,175,180,NA,NA,NA,NA
167,164,143,NA,173,180,NA,NA,NA,NA
167,164,143,NA,175,180,NA,NA,NA,NA
167,164,143,NA,175,180,NA,NA,NA,NA
167,164,143,NA,175,180,NA,NA,NA,NA
167,164,143,NA,175,180,NA,NA,NA,NA
NA,168,NA,NA,NA,NA,NA,NA,155,NA
NA,168,185,159,145,155,179,NA,155,NA
NA,168,185,NA,NA,NA,NA,NA,155,NA
NA,168,186,159,145,155,179,NA,155,NA
NA,168,NA,NA,NA,NA,NA,NA,155,NA
NA,168,NA,NA,NA,NA,NA,NA,155,NA
NA,168,186,159,145,155,179,NA,155,NA
NA,168,NA,159,145,155,179,NA,155,NA
NA,168,NA,159,NA,NA,NA,NA,155,NA
NA,168,186,159,NA,NA,NA,NA,NA,NA
NA,NA,NA,NA,NA,155,179,NA,155,NA
NA,168,NA,NA,NA,NA,NA,NA,NA,NA
NA,168,NA,NA,NA,NA,NA,NA,NA,NA
NA,168,185,159,145,155,179,NA,155,NA
NA,168,185,159,145,155,179,NA,155,NA
NA,168,185,159,145,155,179,NA,155,NA
NA,168,185,159,145,155,179,NA,NA,NA
NA,168,185,159,145,155,179,NA,155,NA
NA,168,NA,NA,NA,NA,NA,NA,NA,NA
NA,168,NA,159,145,155,179,NA,155,NA
NA,NA,NA,NA,NA,NA,NA,NA,155,NA
NA,NA,187,NA,179,192,162,137,152,163
NA,NA,187,NA,179,192,162,137,152,163
NA,NA,187,NA,179,192,162,137,152,163
NA,NA,187,NA,179,192,162,137,152,163
NA,NA,187,NA,179,192,162,137,152,163
NA,NA,187,NA,179,192,162,137,152,163
NA,NA,187,NA,179,192,162,137,152,163
NA,NA,187,NA,179,192,162,137,152,163
NA,NA,187,NA,179,192,162,137,152,163
NA,NA,187,NA,179,192,162,137,152,163
NA,NA,187,NA,179,192,162,137,152,163
NA,NA,187,NA,179,192,162,137,152,163
NA,NA,187,NA,179,192,162,137,152,163
NA,NA,187,NA,179,192,162,137,152,163
NA,NA,187,NA,179,192,162,137,152,163
NA,NA,187,NA,179,192,162,137,152,163
NA,NA,187,NA,179,192,162,137,152,163
NA,NA,187,NA,179,192,162,137,152,163
NA,NA,NA,NA,179,NA,162,137,152,163
NA,NA,NA,NA,179,NA,162,137,152,163
NA,NA,NA,NA,158,NA,NA,181,NA,NA
NA,NA,NA,NA,158,NA,172,181,180,142
NA,NA,NA,NA,158,NA,172,181,NA,NA
NA,NA,NA,NA,158,NA,172,181,NA,NA
NA,NA,NA,NA,158,NA,NA,181,NA,NA
NA,NA,NA,NA,158,NA,NA,181,NA,NA
NA,NA,NA,NA,158,NA,NA,181,180,142
NA,NA,NA,NA,158,NA,172,181,180,142
NA,NA,NA,NA,158,NA,172,181,NA,NA
NA,NA,NA,NA,158,NA,172,181,NA,NA
NA,NA,NA,NA,158,NA,NA,NA,180,142
NA,NA,NA,NA,158,NA,NA,NA,NA,NA
NA,NA,NA,NA,158,NA,NA,NA,NA,142
NA,NA,NA,NA,158,NA,NA,181,NA,142
NA,NA,NA,NA,158,NA,NA,NA,NA,NA
NA,NA,NA,NA,158,NA,NA,NA,NA,NA
NA,NA,NA,NA,158,NA,NA,NA,NA,NA
NA,NA,NA,NA,158,NA,NA,181,NA,NA
NA,NA,NA,NA,158,NA,172,NA,NA,NA
NA,NA,NA,NA,158,NA,172,181,NA,NA
177,137,150,NA,170,NA,NA,NA,NA,NA
177,137,150,NA,170,NA,NA,NA,NA,NA
177,137,150,NA,170,NA,NA,NA,NA,NA
177,NA,NA,NA,170,NA,NA,NA,NA,NA
177,137,150,NA,170,NA,NA,NA,NA,NA
177,137,150,NA,170,NA,NA,NA,NA,NA
177,137,150,NA,170,NA,NA,NA,NA,NA
177,137,150,NA,170,NA,NA,NA,NA,NA
177,137,150,NA,170,NA,NA,NA,NA,NA
177,137,150,NA,170,NA,NA,NA,NA,NA
177,137,150,NA,170,NA,NA,NA,NA,NA
177,137,150,NA,170,NA,NA,NA,NA,NA
177,137,150,NA,170,NA,NA,NA,NA,NA
177,137,150,NA,170,NA,NA,NA,NA,NA
177,137,150,NA,170,NA,NA,NA,NA,NA
177,137,150,NA,170,NA,NA,NA,NA,NA
177,137,150,NA,170,NA,NA,NA,NA,NA
177,137,150,NA,170,NA,NA,NA,NA,NA
177,137,150,NA,170,NA,NA,NA,NA,NA
177,137,150,NA,170,NA,NA,NA,NA,NA
NA,NA,NA,NA,NA,NA,NA,NA,NA,181
NA,141,186,NA,178,184,NA,146,148,NA
NA,141,186,NA,NA,NA,NA,NA,NA,NA
NA,141,186,NA,NA,NA,NA,NA,NA,NA
NA,141,186,NA,178,184,NA,146,148,181
NA,141,186,NA,178,184,NA,146,148,181
NA,141,186,NA,178,184,NA,146,148,181
NA,141,186,NA,178,184,NA,146,148,181
NA,141,186,NA,178,184,NA,146,148,181
NA,141,186,NA,178,184,NA,146,148,181
NA,141,186,NA,178,184,NA,146,148,181
NA,141,186,NA,178,184,NA,146,148,181
NA,141,186,NA,178,184,NA,146,148,181
NA,141,186,NA,178,184,NA,146,148,181
NA,141,186,NA,178,184,NA,146,148,181
NA,141,186,NA,NA,184,NA,NA,NA,181
NA,141,186,NA,178,184,NA,146,148,181
NA,141,NA,NA,178,184,NA,NA,148,181
NA,141,NA,NA,178,184,NA,NA,148,NA
NA,NA,NA,NA,178,NA,NA,146,148,NA
NA,NA,NA,NA,178,184,NA,146,148,NA
NA,NA,NA,NA,178,184,NA,146,148,NA
NA,NA,NA,NA,178,184,NA,146,148,181
NA,NA,NA,NA,178,184,NA,146,148,181
157,170,147,150,NA,NA,NA,NA,NA,NA
157,170,147,150,NA,NA,NA,NA,NA,NA
157,170,147,150,NA,NA,NA,NA,NA,NA
157,170,147,150,NA,NA,NA,NA,NA,NA
157,170,147,150,NA,NA,NA,NA,NA,NA
157,170,147,150,NA,NA,NA,NA,NA,NA
157,170,147,150,NA,NA,NA,NA,NA,NA
157,170,147,150,NA,NA,NA,NA,NA,NA
157,170,147,150,NA,NA,NA,NA,NA,NA
157,170,147,150,NA,NA,NA,NA,NA,NA
157,NA,NA,NA,NA,NA,NA,NA,NA,NA
157,170,147,150,NA,NA,NA,NA,NA,NA
157,170,147,150,NA,NA,NA,NA,NA,NA
157,170,147,150,NA,NA,NA,NA,NA,NA
157,170,147,150,NA,NA,NA,NA,NA,NA
157,170,147,150,NA,NA,NA,NA,NA,NA
157,170,147,150,NA,NA,NA,NA,NA,NA
157,170,147,150,NA,NA,NA,NA,NA,NA
157,170,147,150,NA,NA,NA,NA,NA,NA
157,170,NA,NA,NA,NA,NA,NA,NA,NA
NA,NA,NA,NA,NA,NA,NA,NA,172,189
NA,NA,NA,NA,NA,NA,NA,NA,172,NA
NA,NA,NA,NA,NA,NA,NA,NA,172,NA
NA,NA,NA,NA,NA,NA,NA,NA,172,189
NA,NA,NA,NA,NA,NA,NA,NA,NA,189
NA,NA,NA,NA,NA,NA,NA,NA,172,189
NA,NA,NA,NA,NA,NA,NA,NA,172,189
NA,NA,NA,NA,NA,NA,NA,NA,172,189
NA,NA,NA,NA,NA,NA,NA,NA,172,189
NA,NA,NA,NA,NA,NA,NA,NA,172,189
NA,NA,NA,NA,NA,NA,NA,NA,172,189
NA,NA,NA,NA,NA,NA,NA,NA,172,NA
NA,NA,NA,NA,NA,NA,NA,NA,172,189
NA,NA,NA,NA,NA,NA,NA,NA,172,189
NA,NA,NA,NA,NA,NA,NA,NA,NA,189
148,166,163,142,160,174,160,NA,NA,NA
148,166,163,142,160,174,160,NA,NA,NA
148,166,163,142,160,174,160,NA,NA,NA
148,166,163,142,160,174,160,NA,NA,NA
148,166,163,142,160,174,160,NA,NA,NA
148,166,163,142,160,174,160,NA,NA,NA
148,166,163,142,160,174,160,NA,NA,NA
148,166,163,142,160,174,160,NA,NA,NA
148,166,163,142,160,174,160,NA,NA,NA
148,166,163,142,160,174,160,NA,NA,NA
148,166,163,142,160,174,160,NA,NA,NA
148,166,163,142,160,174,160,NA,NA,NA
148,166,163,142,160,174,160,NA,NA,NA
148,166,163,142,160,174,160,NA,NA,NA
148,166,163,142,160,174,160,NA,NA,NA
148,166,163,142,160,174,160,NA,NA,NA
148,166,163,142,160,174,160,NA,NA,NA
148,166,163,142,160,174,160,NA,NA,NA
148,166,163,142,160,174,160,NA,NA,NA
148,166,163,142,160,174,160,NA,NA,NA
NA,NA,NA,NA,NA,NA,180,178,NA,164
NA,NA,NA,NA,NA,NA,180,178,NA,164
NA,NA,NA,NA,NA,NA,180,178,NA,164
NA,NA,NA,NA,NA,NA,180,178,NA,164
NA,NA,NA,NA,NA,NA,180,178,NA,164
NA,NA,NA,NA,NA,NA,180,178,NA,164
NA,NA,NA,NA,NA,NA,180,178,NA,164
NA,NA,NA,NA,NA,NA,180,178,NA,164
NA,NA,NA,NA,NA,NA,180,178,NA,164
NA,NA,NA,NA,NA,NA,180,178,NA,164
NA,NA,NA,NA,NA,NA,180,178,NA,164
NA,NA,NA,NA,NA,NA,180,178,NA,164
154,170,NA,NA,NA,NA,NA,NA,NA,NA
154,170,NA,NA,NA,NA,NA,NA,NA,NA
154,170,NA,NA,NA,NA,NA,NA,177,140
154,170,NA,NA,NA,NA,168,NA,177,140
154,170,NA,NA,179,NA,NA,NA,177,NA
154,170,NA,NA,NA,NA,NA,NA,NA,NA
154,170,174,NA,NA,NA,NA,NA,NA,NA
154,170,174,NA,NA,NA,NA,NA,NA,NA
154,170,174,NA,NA,NA,NA,NA,NA,NA
154,170,174,NA,179,143,168,NA,177,140
154,170,174,NA,179,143,168,NA,177,140
154,170,174,NA,179,143,168,NA,177,140
154,170,174,NA,NA,NA,NA,NA,NA,NA
154,170,174,NA,NA,NA,NA,NA,NA,NA
154,170,174,NA,NA,NA,NA,NA,NA,NA
154,170,174,NA,NA,NA,NA,NA,NA,NA
154,170,174,NA,NA,NA,NA,NA,NA,NA
154,170,174,NA,NA,NA,NA,NA,NA,NA
154,NA,174,NA,NA,NA,NA,NA,NA,NA
169,164,NA,161,161,161,152,180,172,179
169,164,NA,161,161,161,152,180,172,179
169,164,NA,161,161,161,152,180,172,179
169,164,NA,161,161,161,152,180,172,179
169,164,NA,161,161,161,152,180,172,179
169,164,NA,161,161,161,152,180,172,179
169,164,NA,161,161,161,152,180,172,179
169,164,NA,161,161,161,152,180,172,179
169,164,NA,161,161,161,152,180,172,179
169,164,NA,161,161,161,152,180,172,179
169,164,NA,161,161,161,152,180,172,179
169,164,NA,161,161,161,152,180,172,179
169,164,NA,161,161,161,152,180,172,179
169,164,NA,161,161,161,152,180,172,179
169,164,NA,161,161,161,152,180,172,179
169,164,NA,161,161,161,152,180,172,179
169,164,NA,161,161,161,152,180,172,179
169,164,NA,161,161,161,152,180,172,179
169,164,NA,161,161,161,152,180,172,179
169,164,NA,161,161,161,152,NA,172,179
NA,NA,NA,NA,NA,NA,182,171,NA,131
NA,NA,NA,NA,NA,NA,182,171,NA,131
NA,NA,NA,NA,NA,NA,182,171,NA,131
NA,NA,NA,NA,NA,NA,182,171,NA,131
NA,NA,NA,NA,NA,NA,182,171,NA,131
NA,NA,NA,NA,NA,NA,182,171,NA,131
NA,NA,NA,NA,NA,131,182,171,NA,131
NA,NA,NA,NA,NA,NA,182,171,NA,131
NA,NA,NA,NA,NA,131,182,171,NA,131
NA,NA,NA,NA,NA,131,182,NA,NA,NA
NA,NA,NA,NA,NA,131,182,171,NA,NA
NA,NA,NA,NA,NA,131,182,NA,NA,NA
NA,NA,NA,NA,NA,131,NA,NA,NA,NA
NA,NA,NA,NA,NA,131,NA,NA,NA,NA
NA,NA,NA,NA,NA,131,182,NA,NA,NA
NA,NA,NA,NA,NA,131,NA,NA,NA,NA
NA,NA,NA,NA,NA,131,182,171,NA,131
NA,NA,NA,162,173,NA,NA,NA,190,NA
NA,NA,NA,162,NA,NA,NA,NA,NA,NA
NA,NA,NA,162,173,154,159,135,190,167
NA,NA,NA,162,NA,NA,NA,NA,NA,NA
NA,NA,NA,162,173,NA,NA,NA,190,NA
NA,NA,NA,162,173,154,159,135,190,167
NA,NA,NA,162,173,154,159,135,190,167
NA,NA,NA,162,173,154,159,135,190,167
NA,NA,NA,162,173,154,159,135,190,167
NA,NA,NA,162,173,154,159,135,190,167
NA,NA,NA,162,NA,NA,NA,NA,190,167
NA,NA,NA,162,NA,NA,159,NA,190,NA
NA,NA,NA,162,NA,NA,159,135,NA,167
NA,NA,NA,162,NA,NA,159,135,NA,NA
NA,NA,NA,162,NA,NA,159,135,190,NA
NA,NA,NA,162,173,154,159,135,190,167
NA,NA,NA,162,173,154,159,135,190,167
NA,NA,NA,162,173,154,159,135,190,167
NA,NA,NA,162,NA,NA,159,135,NA,NA
NA,NA,NA,162,173,154,159,135,190,167
NA,NA,NA,162,NA,NA,159,135,190,NA
NA,NA,NA,153,183,152,NA,150,NA,156
NA,NA,NA,153,183,152,NA,150,NA,156
NA,NA,NA,153,183,152,NA,150,NA,156
NA,NA,NA,153,183,152,NA,150,NA,156
NA,NA,NA,153,183,152,NA,150,NA,156
NA,NA,NA,153,183,152,NA,150,NA,156
NA,NA,NA,153,183,152,NA,150,NA,156
NA,NA,NA,153,183,152,NA,150,NA,156
NA,NA,NA,153,183,152,NA,150,NA,156
NA,NA,NA,153,183,152,NA,160,NA,156
NA,NA,NA,153,183,152,NA,160,NA,156
NA,NA,NA,153,183,152,NA,160,NA,156
NA,NA,NA,153,183,152,NA,160,NA,156
NA,NA,NA,153,183,152,NA,160,NA,156
NA,NA,NA,153,183,152,NA,160,NA,156
NA,NA,NA,153,183,152,NA,160,NA,156
NA,NA,NA,153,183,152,NA,160,NA,156
NA,NA,NA,153,183,152,NA,160,NA,156
NA,NA,NA,153,183,152,NA,160,NA,156
NA,NA,NA,NA,NA,NA,NA,NA,NA,141
NA,NA,NA,NA,NA,NA,NA,NA,NA,141
NA,NA,NA,NA,NA,NA,NA,NA,NA,141
NA,NA,NA,NA,NA,NA,NA,NA,NA,141
NA,NA,NA,NA,NA,NA,NA,NA,NA,141
NA,NA,NA,NA,NA,NA,NA,NA,NA,141
NA,NA,NA,NA,NA,NA,NA,NA,NA,141
NA,NA,NA,NA,NA,NA,NA,NA,NA,141
NA,NA,NA,NA,NA,NA,NA,NA,NA,141
NA,NA,NA,NA,NA,NA,NA,NA,NA,141
NA,NA,NA,NA,NA,NA,NA,NA,NA,141
NA,NA,NA,NA,NA,NA,NA,NA,NA,141
NA,NA,NA,NA,NA,NA,NA,NA,NA,141
NA,NA,NA,NA,NA,NA,NA,NA,NA,141
NA,NA,NA,NA,NA,NA,NA,NA,NA,141
NA,NA,NA,NA,NA,NA,NA,NA,NA,141
NA,NA,NA,NA,NA,NA,NA,NA,NA,141
NA,NA,NA,NA,NA,148,142,162,161,NA
NA,NA,NA,NA,NA,148,142,162,161,NA
NA,NA,NA,NA,NA,148,142,162,161,NA
NA,NA,NA,NA,NA,148,142,162,161,NA
NA,NA,NA,NA,NA,148,142,162,161,NA
NA,NA,NA,NA,NA,148,142,162,161,NA
NA,NA,NA,NA,NA,148,142,162,161,NA
NA,NA,NA,NA,NA,148,142,162,161,NA
NA,NA,NA,NA,NA,148,142,162,161,NA
NA,NA,NA,NA,NA,148,NA,162,161,NA
NA,NA,NA,NA,NA,148,142,162,161,NA
NA,NA,NA,NA,NA,148,142,162,161,NA
NA,NA,NA,NA,NA,148,142,162,161,NA
NA,NA,NA,NA,NA,148,142,162,161,NA
NA,NA,NA,NA,NA,148,142,162,161,NA
NA,NA,NA,NA,NA,148,142,162,161,NA
NA,NA,NA,NA,NA,148,NA,162,161,NA
NA,NA,NA,NA,NA,148,NA,162,161,NA
NA,NA,NA,NA,NA,148,NA,162,161,NA
NA,NA,NA,NA,NA,NA,NA,NA,NA,160
NA,NA,NA,NA,NA,NA,NA,NA,NA,160
NA,NA,NA,NA,NA,NA,NA,NA,NA,160
NA,NA,NA,NA,NA,NA,NA,NA,NA,160
NA,NA,NA,NA,NA,NA,NA,NA,NA,160
NA,NA,NA,NA,NA,NA,NA,NA,NA,160
NA,NA,NA,NA,NA,NA,NA,NA,NA,160
NA,NA,NA,NA,NA,NA,NA,NA,NA,160
NA,NA,NA,NA,NA,NA,NA,NA,NA,160
NA,NA,NA,NA,NA,NA,NA,NA,NA,160
NA,NA,NA,NA,NA,NA,NA,NA,NA,160
NA,NA,NA,NA,NA,NA,NA,NA,NA,160
NA,NA,NA,NA,NA,NA,NA,NA,NA,160
NA,NA,NA,NA,NA,NA,NA,NA,NA,160
NA,NA,NA,NA,NA,NA,NA,NA,NA,160
NA,NA,NA,NA,NA,NA,NA,NA,NA,160
NA,NA,NA,NA,NA,NA,NA,NA,NA,160
NA,NA,NA,NA,NA,NA,NA,NA,NA,160
NA,NA,NA,NA,NA,NA,NA,NA,NA,160
NA,NA,NA,NA,NA,NA,NA,NA,NA,160
NA,154,NA,NA,NA,NA,NA,NA,NA,NA
NA,154,NA,NA,NA,NA,NA,NA,NA,NA
NA,154,NA,NA,NA,NA,NA,NA,NA,NA
NA,154,NA,NA,NA,NA,NA,NA,NA,NA
NA,154,NA,NA,NA,NA,NA,NA,NA,NA
NA,154,NA,NA,NA,NA,NA,NA,NA,NA
NA,154,NA,NA,NA,NA,NA,NA,NA,NA
NA,154,NA,NA,NA,NA,NA,NA,NA,NA
NA,154,NA,NA,NA,NA,NA,NA,NA,NA
NA,154,NA,NA,NA,NA,NA,NA,NA,NA
NA,154,NA,NA,NA,NA,NA,NA,NA,NA
NA,154,NA,NA,NA,NA,NA,NA,NA,NA
NA,154,NA,NA,NA,NA,NA,NA,NA,NA
NA,154,NA,NA,NA,NA,NA,NA,NA,NA
NA,154,NA,NA,NA,NA,NA,NA,NA,NA
NA,154,NA,NA,NA,NA,NA,NA,NA,NA
176,181,190,NA,NA,NA,NA,NA,NA,NA
176,181,190,NA,NA,NA,NA,NA,NA,NA
176,181,190,NA,NA,NA,NA,NA,NA,NA
176,181,190,NA,NA,NA,NA,NA,NA,NA
176,181,190,NA,NA,NA,NA,NA,NA,NA
176,181,190,NA,NA,NA,NA,NA,NA,NA
176,181,190,NA,NA,NA,NA,NA,NA,NA
176,181,190,NA,NA,NA,NA,NA,NA,NA
176,181,190,NA,NA,NA,NA,NA,NA,NA
176,181,190,NA,NA,NA,NA,NA,NA,NA
176,181,190,NA,NA,NA,NA,NA,NA,NA
176,181,190,NA,NA,NA,NA,NA,NA,NA
176,181,190,NA,NA,NA,NA,NA,NA,NA
176,181,190,NA,NA,NA,NA,NA,NA,NA
176,181,190,NA,NA,NA,NA,NA,NA,NA
176,181,190,NA,NA,NA,NA,NA,NA,NA
176,181,190,NA,NA,NA,NA,NA,NA,NA
176,181,190,NA,NA,NA,NA,NA,NA,NA
NA,NA,NA,NA,NA,170,NA,172,138,134
NA,NA,NA,NA,NA,170,NA,172,138,134
NA,NA,NA,NA,NA,170,NA,172,138,NA
NA,NA,NA,NA,NA,170,NA,172,138,NA
NA,NA,NA,NA,NA,170,NA,172,138,NA
NA,NA,NA,NA,NA,170,NA,172,138,NA
NA,NA,NA,NA,NA,170,NA,172,138,NA
NA,NA,NA,NA,NA,170,NA,172,138,NA
NA,NA,NA,NA,NA,170,NA,172,138,NA
NA,NA,NA,NA,NA,170,NA,172,138,NA
NA,NA,NA,NA,NA,170,NA,172,138,NA
NA,NA,NA,NA,NA,170,NA,172,138,NA
NA,NA,NA,NA,NA,170,NA,172,138,NA
NA,NA,NA,NA,NA,170,NA,172,138,NA
NA,NA,NA,NA,NA,170,NA,172,138,NA
NA,NA,NA,NA,NA,170,NA,172,138,NA
NA,132,NA,NA,NA,NA,NA,NA,NA,NA
NA,132,NA,NA,NA,NA,NA,NA,NA,NA
NA,132,NA,NA,NA,NA,NA,NA,NA,NA
NA,132,NA,NA,NA,NA,NA,NA,NA,NA
NA,132,NA,NA,NA,NA,NA,NA,NA,NA
NA,132,NA,NA,NA,NA,NA,NA,NA,NA
NA,132,NA,NA,NA,NA,NA,NA,NA,NA
NA,132,NA,NA,NA,NA,NA,NA,NA,NA
NA,132,NA,NA,NA,NA,NA,NA,NA,NA
NA,132,NA,NA,NA,NA,NA,NA,NA,NA
NA,132,NA,NA,NA,NA,NA,NA,NA,NA
NA,132,NA,NA,NA,NA,NA,NA,NA,NA
NA,132,NA,NA,NA,NA,NA,NA,NA,NA
NA,132,NA,NA,NA,NA,NA,NA,NA,NA
NA,132,NA,NA,NA,NA,NA,NA,NA,NA
NA,132,NA,NA,NA,NA,NA,NA,NA,NA
NA,132,NA,NA,NA,NA,NA,NA,NA,NA
NA,132,NA,NA,NA,NA,NA,NA,NA,NA
NA,132,NA,NA,NA,NA,NA,NA,NA,NA
193,147,137,NA,NA,NA,137,NA,NA,NA
193,147,137,133,138,178,137,169,NA,150
193,147,137,133,138,178,137,169,NA,150
193,147,137,133,138,178,137,169,NA,150
193,147,137,133,138,178,137,169,NA,150
NA,NA,NA,133,NA,NA,NA,NA,NA,NA
193,147,137,133,138,178,137,169,NA,150
193,147,137,133,138,178,137,169,NA,150
193,147,137,133,138,178,137,169,NA,150
NA,147,NA,NA,138,NA,NA,NA,NA,NA
NA,NA,NA,NA,138,NA,NA,169,NA,150
193,147,137,133,138,178,137,169,NA,150
NA,NA,137,133,138,NA,NA,169,NA,NA
193,147,137,133,138,178,137,169,NA,150
NA,NA,137,NA,138,NA,NA,169,NA,NA
NA,NA,NA,133,NA,NA,NA,NA,NA,NA
193,147,137,133,138,NA,NA,169,NA,NA
NA,NA,137,133,138,NA,137,NA,NA,NA
NA,NA,137,133,138,NA,137,NA,NA,NA
183,NA,NA,NA,NA,NA,NA,NA,NA,NA
183,NA,NA,NA,NA,NA,NA,NA,NA,NA
183,NA,NA,NA,NA,NA,NA,NA,NA,NA
183,NA,NA,NA,NA,NA,NA,NA,NA,NA
183,NA,NA,NA,NA,NA,NA,NA,NA,NA
183,NA,NA,NA,NA,NA,NA,NA,NA,NA
183,NA,NA,NA,NA,NA,NA,NA,NA,NA
183,NA,NA,NA,NA,NA,NA,NA,NA,NA
183,NA,NA,NA,NA,NA,NA,NA,NA,NA
183,NA,NA,NA,NA,NA,NA,NA,NA,NA
183,NA,NA,NA,NA,NA,NA,NA,NA,NA
171,NA,168,NA,NA,NA,NA,NA,NA,NA
171,NA,168,NA,NA,NA,NA,NA,NA,NA
171,NA,168,NA,NA,NA,NA,NA,NA,NA
171,NA,168,NA,NA,NA,NA,NA,NA,NA
171,NA,168,NA,NA,NA,NA,NA,NA,NA
171,NA,168,168,144,NA,NA,182,NA,NA
171,NA,168,NA,NA,NA,NA,NA,NA,NA
171,NA,168,168,144,NA,NA,182,NA,NA
171,NA,168,168,144,NA,NA,182,NA,NA
171,NA,168,168,144,NA,NA,182,NA,NA
171,NA,168,168,144,NA,NA,NA,NA,NA
171,NA,168,168,144,NA,NA,NA,NA,NA
171,NA,168,168,144,NA,NA,NA,NA,NA
171,NA,168,168,144,NA,NA,NA,NA,NA
171,NA,168,168,144,NA,NA,NA,NA,NA
171,NA,168,168,144,NA,NA,NA,NA,NA
171,NA,168,NA,NA,NA,NA,NA,NA,NA
171,NA,168,NA,NA,NA,NA,NA,NA,NA
171,NA,168,168,144,NA,NA,NA,NA,NA
171,NA,168,168,144,NA,NA,NA,NA,NA
173,165,164,162,NA,162,150,179,171,178
173,165,164,162,NA,162,150,179,171,178
173,165,164,162,NA,162,150,179,171,178
173,165,164,162,NA,162,150,179,171,178
173,165,164,162,NA,162,150,179,171,178
173,165,164,162,NA,162,150,179,171,178
173,165,164,162,NA,162,150,179,171,178
173,165,164,162,NA,162,150,179,171,178
173,165,164,162,NA,162,150,179,171,178
173,165,164,162,NA,162,150,179,171,178
173,165,164,162,NA,162,150,179,171,178
173,165,164,162,NA,162,150,179,171,178
173,165,164,162,NA,162,150,179,171,178
173,165,164,162,NA,162,150,179,171,178
173,165,164,162,NA,162,150,179,171,178
173,165,164,162,NA,162,150,179,171,178
173,165,164,162,NA,162,150,179,171,178
173,165,164,162,NA,162,150,179,171,178
173,165,164,162,NA,162,150,179,171,178
173,165,164,162,NA,162,150,179,171,178
NA,NA,NA,NA,NA,NA,NA,NA,NA,184
NA,NA,NA,NA,NA,NA,NA,NA,NA,184
NA,NA,NA,NA,NA,NA,NA,NA,NA,184
NA,NA,NA,NA,NA,NA,NA,NA,NA,184
NA,NA,NA,NA,NA,NA,NA,NA,NA,184
NA,NA,NA,NA,NA,NA,NA,NA,NA,184
NA,NA,NA,NA,NA,NA,NA,NA,NA,184
NA,NA,NA,NA,NA,NA,NA,NA,NA,184
NA,NA,NA,NA,NA,NA,NA,NA,NA,184
NA,NA,NA,NA,NA,NA,NA,NA,NA,184
NA,NA,NA,NA,NA,NA,NA,NA,NA,184
NA,NA,NA,NA,NA,NA,NA,NA,NA,184
NA,NA,NA,NA,NA,NA,NA,NA,NA,184
NA,NA,NA,NA,NA,NA,NA,NA,NA,184
NA,NA,NA,NA,NA,NA,NA,NA,NA,184
NA,NA,NA,NA,NA,NA,NA,NA,NA,184
NA,NA,NA,NA,NA,NA,NA,NA,NA,184
NA,NA,NA,NA,NA,NA,NA,NA,NA,184
NA,NA,NA,NA,NA,NA,NA,NA,NA,184
NA,NA,NA,NA,NA,NA,NA,NA,NA,184
NA,NA,NA,NA,NA,NA,NA,NA,NA,184
NA,NA,NA,NA,NA,NA,NA,NA,143,133
NA,NA,NA,NA,NA,NA,NA,NA,143,133
NA,NA,NA,NA,NA,NA,NA,NA,143,133
NA,NA,NA,NA,NA,NA,NA,NA,143,133
NA,NA,NA,NA,NA,NA,NA,NA,143,133
NA,NA,NA,NA,NA,NA,NA,NA,143,133
NA,NA,NA,NA,NA,NA,NA,NA,143,133
NA,NA,NA,NA,NA,NA,NA,NA,143,133
NA,NA,NA,NA,NA,NA,NA,NA,143,133
NA,NA,NA,NA,NA,NA,NA,NA,143,133
NA,NA,NA,NA,NA,NA,NA,NA,143,133
NA,NA,NA,NA,NA,NA,NA,NA,143,133
NA,NA,NA,NA,NA,NA,NA,NA,143,133
NA,NA,NA,NA,NA,NA,NA,NA,143,133
NA,NA,NA,NA,NA,NA,NA,NA,143,133
NA,NA,NA,NA,NA,NA,NA,NA,143,133
NA,NA,NA,NA,NA,NA,NA,NA,143,133
NA,NA,NA,NA,NA,NA,NA,NA,143,133
NA,NA,NA,NA,NA,NA,NA,NA,143,133
NA,NA,NA,NA,NA,NA,NA,NA,143,133
NA,NA,NA,NA,NA,NA,NA,NA,143,NA
NA,NA,NA,NA,NA,NA,NA,NA,182,166
NA,NA,NA,NA,NA,NA,NA,NA,182,166
NA,NA,NA,NA,NA,NA,NA,NA,182,166
NA,NA,NA,NA,NA,NA,NA,NA,182,166
NA,NA,NA,NA,NA,NA,NA,NA,182,166
NA,NA,NA,NA,NA,NA,NA,NA,182,166
NA,NA,NA,NA,NA,NA,NA,NA,182,166
NA,NA,NA,NA,NA,NA,NA,NA,182,166
NA,NA,NA,NA,NA,NA,NA,NA,182,166
NA,NA,NA,NA,NA,NA,NA,NA,182,166
NA,NA,NA,NA,NA,NA,NA,NA,182,166
NA,NA,NA,NA,NA,NA,NA,NA,182,166
NA,NA,NA,NA,NA,NA,NA,NA,182,166
NA,NA,NA,NA,NA,NA,NA,141,140,151
NA,NA,NA,NA,NA,NA,NA,141,140,151
NA,NA,NA,NA,NA,NA,NA,141,140,151
NA,NA,NA,NA,NA,NA,NA,141,NA,151
NA,NA,NA,NA,NA,NA,NA,NA,NA,151
NA,NA,NA,NA,NA,NA,NA,141,140,151
NA,NA,NA,NA,NA,NA,NA,141,NA,151
NA,NA,NA,NA,NA,NA,NA,141,NA,151
NA,NA,NA,NA,NA,NA,140,141,140,151
NA,NA,NA,NA,NA,NA,140,141,140,151
NA,NA,NA,NA,NA,NA,140,141,140,151
NA,NA,NA,NA,NA,NA,140,141,140,151
NA,NA,NA,NA,NA,NA,140,NA,NA,NA
NA,NA,NA,NA,NA,NA,140,NA,NA,NA
NA,NA,NA,NA,NA,NA,140,NA,NA,NA
NA,NA,NA,NA,NA,NA,140,NA,NA,NA
NA,NA,NA,NA,NA,NA,140,NA,NA,NA
NA,NA,NA,NA,NA,NA,140,NA,NA,NA
NA,NA,NA,NA,NA,NA,140,NA,NA,NA
NA,NA,NA,NA,NA,NA,140,NA,NA,NA
NA,NA,NA,NA,NA,NA,140,NA,NA,NA
NA,NA,NA,NA,NA,NA,140,NA,NA,NA
NA,NA,NA,NA,NA,NA,140,NA,NA,NA
NA,NA,NA,NA,NA,NA,140,NA,NA,NA
NA,NA,NA,NA,NA,NA,140,NA,NA,NA
NA,NA,NA,NA,NA,NA,140,NA,NA,NA
NA,NA,NA,NA,NA,NA,140,NA,NA,NA
NA,NA,NA,NA,NA,NA,NA,141,140,151
NA,NA,NA,NA,NA,NA,NA,141,140,151
NA,NA,NA,NA,NA,NA,NA,141,140,151
NA,NA,NA,NA,NA,NA,NA,141,140,151
NA,NA,NA,NA,NA,NA,NA,141,NA,151
148,NA,159,NA,NA,NA,NA,NA,NA,NA
148,NA,159,NA,NA,NA,NA,NA,NA,NA
148,NA,159,NA,NA,NA,NA,NA,NA,NA
148,NA,159,NA,NA,NA,NA,NA,NA,NA
148,NA,159,NA,NA,NA,NA,NA,NA,NA
148,NA,159,NA,NA,NA,NA,NA,NA,NA
148,NA,159,NA,NA,NA,NA,NA,NA,NA
148,NA,159,NA,NA,NA,NA,NA,NA,NA
148,NA,159,NA,NA,NA,NA,NA,NA,NA
148,NA,159,NA,NA,NA,NA,NA,NA,NA
148,NA,159,NA,NA,NA,NA,NA,NA,NA
148,NA,159,NA,NA,NA,NA,NA,NA,NA
182,176,NA,NA,NA,NA,NA,NA,NA,NA
182,176,NA,NA,NA,NA,NA,NA,NA,NA
182,176,NA,NA,NA,NA,NA,NA,NA,NA
182,176,NA,NA,NA,NA,NA,NA,NA,NA
182,176,NA,NA,NA,NA,NA,NA,NA,NA
182,176,NA,NA,NA,NA,NA,NA,NA,NA
182,176,NA,NA,NA,NA,NA,NA,NA,NA
182,176,NA,NA,NA,NA,NA,NA,NA,NA
182,176,NA,NA,NA,NA,NA,NA,NA,NA
182,176,NA,NA,NA,NA,NA,NA,NA,NA
182,176,NA,NA,NA,NA,NA,NA,NA,NA
182,NA,NA,NA,NA,NA,NA,NA,NA,NA
182,NA,NA,NA,NA,NA,NA,NA,NA,NA
182,NA,NA,NA,NA,NA,NA,NA,NA,NA
182,176,NA,NA,NA,NA,NA,NA,NA,NA
182,176,NA,NA,NA,NA,NA,NA,NA,NA
182,176,NA,NA,NA,NA,NA,NA,NA,NA
182,176,NA,NA,NA,NA,NA,NA,NA,NA
182,176,NA,NA,NA,NA,NA,NA,NA,NA
182,176,NA,NA,NA,NA,NA,NA,NA,NA
NA,178,160,163,130,NA,136,128,132,142
NA,178,160,163,130,NA,136,128,132,142
NA,178,160,163,130,NA,136,128,132,142
NA,178,NA,NA,NA,NA,NA,128,132,142
NA,178,NA,NA,NA,NA,NA,NA,132,142
NA,178,NA,NA,NA,NA,NA,NA,132,142
NA,178,160,163,130,NA,136,128,132,142
NA,178,NA,163,130,NA,136,128,132,142
NA,178,160,163,130,NA,136,128,132,142
NA,178,160,163,130,NA,136,128,132,142
NA,178,NA,163,130,NA,NA,NA,NA,142
NA,178,160,163,130,NA,136,129,132,142
NA,178,160,163,130,NA,136,129,132,142
NA,178,160,163,130,NA,136,129,132,142
NA,178,NA,163,130,NA,136,129,132,142
NA,178,NA,163,130,NA,136,129,132,142
NA,178,160,163,130,NA,136,129,132,142
NA,178,160,163,130,NA,136,129,132,142
NA,178,NA,NA,130,NA,136,129,132,142
NA,178,160,163,130,NA,136,129,132,142
144,NA,NA,NA,NA,NA,NA,NA,NA,NA
144,NA,NA,NA,NA,NA,NA,NA,NA,NA
144,NA,NA,NA,NA,NA,NA,NA,NA,NA
144,NA,NA,NA,NA,NA,NA,NA,NA,NA
144,NA,NA,NA,NA,NA,NA,NA,NA,NA
144,NA,NA,NA,NA,NA,NA,NA,NA,NA
144,NA,NA,NA,NA,NA,NA,NA,NA,NA
144,NA,NA,NA,NA,NA,NA,NA,NA,NA
144,NA,NA,NA,NA,NA,NA,NA,NA,NA
144,NA,NA,NA,NA,NA,NA,NA,NA,NA
144,NA,NA,NA,NA,NA,NA,NA,NA,NA
144,NA,NA,NA,NA,NA,NA,NA,NA,NA
144,NA,NA,NA,NA,NA,NA,NA,NA,NA
144,NA,NA,NA,NA,NA,NA,NA,NA,NA
144,NA,NA,NA,NA,NA,NA,NA,NA,NA
144,NA,NA,NA,NA,NA,NA,NA,NA,NA
144,NA,NA,NA,NA,NA,NA,NA,NA,NA
144,NA,NA,NA,NA,NA,NA,NA,NA,NA
144,NA,NA,NA,NA,NA,NA,NA,NA,NA
144,NA,NA,NA,NA,NA,NA,NA,NA,NA
144,NA,NA,NA,NA,NA,NA,NA,NA,NA
144,NA,NA,NA,NA,NA,NA,NA,NA,NA
144,NA,NA,NA,NA,NA,NA,NA,NA,NA
144,NA,NA,NA,NA,NA,NA,NA,NA,NA
NA,NA,NA,NA,NA,NA,192,188,139,NA
NA,NA,NA,NA,NA,NA,192,188,139,NA
NA,NA,NA,NA,NA,NA,192,188,139,NA
NA,NA,NA,NA,NA,NA,192,188,NA,NA
NA,NA,NA,NA,NA,NA,192,188,NA,NA
NA,NA,NA,NA,NA,NA,192,188,NA,NA
NA,NA,NA,NA,NA,NA,192,188,139,NA
NA,NA,NA,NA,NA,NA,192,188,139,NA
NA,NA,NA,NA,NA,NA,192,188,139,NA
NA,NA,NA,NA,NA,NA,192,188,139,NA
NA,NA,NA,NA,NA,NA,192,188,139,NA
NA,NA,NA,NA,NA,NA,192,188,139,NA
NA,NA,NA,NA,NA,139,NA,187,136,132
NA,NA,NA,NA,NA,139,191,187,136,132
NA,NA,NA,NA,NA,139,191,187,136,132
NA,NA,NA,NA,NA,139,191,187,136,132
NA,NA,NA,NA,NA,139,191,187,136,132
NA,NA,NA,NA,NA,139,191,187,136,132
NA,NA,NA,NA,NA,139,191,187,136,132
NA,NA,NA,NA,NA,139,191,187,136,132
NA,NA,NA,NA,NA,139,191,187,136,132
NA,NA,NA,NA,NA,139,191,187,136,132
NA,NA,NA,NA,NA,139,191,187,136,132
NA,NA,NA,NA,NA,139,191,187,136,132
NA,NA,NA,NA,NA,139,191,187,136,132
NA,NA,NA,NA,NA,139,191,187,136,132
NA,NA,NA,NA,NA,139,191,187,136,132
NA,NA,NA,NA,NA,139,191,187,136,132
NA,NA,NA,NA,NA,139,191,187,136,132
NA,NA,NA,NA,NA,139,191,187,136,132
NA,NA,NA,NA,NA,139,191,187,136,132
NA,NA,NA,NA,NA,139,191,187,136,132
NA,NA,NA,NA,NA,139,191,187,136,132
NA,NA,NA,NA,NA,NA,NA,NA,135,NA
NA,NA,NA,NA,NA,NA,NA,NA,135,NA
NA,NA,NA,NA,NA,NA,NA,NA,135,NA
NA,NA,NA,NA,NA,NA,NA,NA,135,NA
NA,NA,NA,NA,NA,NA,NA,NA,135,NA
NA,NA,NA,NA,NA,NA,NA,138,NA,NA
NA,NA,NA,NA,NA,NA,NA,138,NA,NA
NA,NA,NA,NA,NA,NA,NA,138,NA,NA
NA,NA,NA,NA,NA,NA,NA,138,NA,NA
NA,NA,NA,NA,NA,NA,NA,138,NA,146
NA,NA,NA,NA,NA,NA,NA,138,135,146
NA,NA,NA,NA,NA,NA,NA,138,135,146
NA,NA,NA,NA,NA,NA,NA,138,135,146
NA,NA,NA,NA,NA,NA,NA,138,NA,NA
NA,NA,NA,NA,NA,NA,NA,138,NA,NA
NA,NA,NA,NA,NA,NA,NA,138,NA,NA
NA,NA,NA,NA,NA,NA,NA,138,NA,NA
NA,NA,NA,NA,NA,NA,NA,138,NA,NA
NA,NA,NA,NA,NA,NA,NA,138,NA,NA
NA,NA,NA,NA,NA,NA,NA,138,NA,NA
NA,NA,NA,NA,NA,NA,NA,138,NA,NA
NA,NA,NA,NA,NA,NA,NA,138,NA,NA
NA,NA,NA,NA,NA,NA,NA,138,NA,NA
NA,NA,NA,NA,NA,NA,NA,138,NA,NA
NA,NA,NA,NA,NA,NA,NA,138,NA,NA
NA,NA,145,NA,133,NA,NA,NA,NA,NA
NA,NA,145,NA,133,NA,NA,NA,NA,NA
NA,NA,145,NA,133,NA,NA,NA,NA,NA
NA,NA,145,NA,133,NA,NA,NA,NA,NA
NA,NA,145,NA,133,NA,NA,NA,NA,NA
NA,NA,145,NA,NA,NA,NA,NA,NA,NA
NA,NA,145,NA,NA,NA,NA,NA,NA,NA
NA,NA,145,NA,133,NA,181,131,161,NA
NA,NA,145,NA,133,NA,181,131,161,NA
NA,NA,145,NA,133,NA,181,131,161,NA
NA,NA,145,NA,133,NA,181,131,161,NA
NA,NA,145,NA,133,NA,181,131,161,NA
NA,NA,145,NA,133,NA,NA,NA,161,NA
NA,NA,145,NA,133,NA,181,131,161,NA
NA,NA,145,NA,133,NA,181,131,161,NA
NA,NA,145,NA,133,NA,181,131,161,NA
NA,NA,145,NA,133,NA,NA,NA,NA,NA
NA,NA,NA,NA,NA,NA,181,131,161,NA
NA,NA,NA,NA,NA,NA,NA,131,161,NA
NA,NA,NA,NA,NA,NA,181,131,161,NA
NA,NA,NA,NA,NA,NA,181,131,161,NA
NA,NA,NA,NA,NA,NA,181,131,161,NA
NA,NA,NA,NA,NA,NA,181,131,161,NA
NA,NA,NA,NA,NA,NA,181,131,NA,NA
NA,NA,NA,NA,NA,NA,181,131,161,NA
NA,NA,NA,NA,NA,NA,181,131,161,NA
NA,NA,NA,NA,NA,NA,181,131,161,NA
NA,NA,NA,NA,NA,NA,181,NA,161,NA
NA,144,141,150,146,185,150,147,158,141
NA,144,141,150,146,185,150,147,158,141
NA,144,141,150,146,185,150,147,158,141
NA,144,141,150,146,185,150,147,158,141
NA,144,141,150,146,185,150,147,158,141
NA,NA,NA,NA,NA,185,150,147,NA,141
NA,NA,NA,150,NA,185,150,147,NA,NA
NA,144,141,150,146,185,150,147,158,141
NA,NA,NA,150,146,185,NA,147,NA,NA
NA,NA,NA,NA,NA,185,150,147,NA,141
NA,NA,NA,150,146,NA,NA,NA,NA,NA
NA,NA,NA,150,146,NA,NA,NA,158,NA
NA,NA,NA,150,146,NA,NA,NA,NA,NA
NA,NA,NA,NA,146,185,NA,NA,158,NA
NA,NA,NA,150,146,185,NA,NA,NA,NA
NA,NA,NA,150,146,185,NA,NA,NA,NA
NA,NA,NA,150,146,185,NA,NA,158,NA
NA,NA,NA,150,146,185,NA,NA,NA,141
NA,NA,NA,150,146,185,NA,NA,NA,NA
NA,NA,NA,150,146,185,NA,NA,158,NA
187,172,NA,NA,NA,NA,NA,NA,NA,NA
187,172,NA,NA,NA,NA,NA,NA,NA,NA
187,172,NA,NA,NA,NA,NA,NA,NA,NA
187,172,NA,NA,NA,NA,NA,NA,NA,NA
187,172,NA,NA,NA,NA,NA,NA,NA,NA
187,172,164,NA,NA,NA,NA,NA,NA,NA
187,172,164,NA,NA,NA,NA,NA,NA,NA
187,172,164,NA,NA,NA,NA,NA,NA,NA
187,172,164,NA,NA,NA,NA,NA,NA,NA
187,172,164,NA,NA,NA,NA,NA,NA,NA
187,172,164,NA,NA,NA,NA,NA,NA,NA
187,172,164,NA,NA,NA,NA,NA,NA,NA
187,172,164,NA,NA,NA,NA,NA,NA,NA
187,172,164,NA,NA,NA,NA,NA,NA,NA
187,172,NA,NA,NA,NA,NA,NA,NA,NA
187,172,164,NA,NA,NA,NA,NA,NA,NA
187,172,164,NA,NA,NA,NA,NA,NA,NA
187,172,NA,NA,NA,NA,NA,NA,NA,NA
187,172,164,NA,NA,NA,NA,NA,NA,NA
187,172,NA,NA,NA,NA,NA,NA,NA,NA
NA,153,NA,NA,NA,NA,NA,NA,NA,NA
NA,153,NA,NA,NA,NA,NA,NA,NA,NA
NA,153,NA,NA,NA,NA,NA,NA,NA,NA
NA,153,NA,NA,NA,NA,NA,NA,NA,NA
NA,153,NA,NA,NA,NA,NA,NA,NA,NA
NA,153,NA,NA,NA,NA,NA,NA,NA,NA
NA,153,NA,NA,NA,NA,NA,NA,NA,NA
NA,153,NA,NA,NA,NA,NA,NA,NA,NA
NA,153,NA,NA,NA,NA,NA,NA,NA,NA
NA,153,NA,NA,NA,NA,NA,NA,NA,NA
NA,153,NA,NA,NA,NA,NA,NA,NA,NA
NA,153,NA,NA,NA,NA,NA,NA,NA,NA
NA,NA,150,130,181,185,177,NA,NA,NA
NA,NA,150,130,181,185,177,NA,NA,NA
NA,NA,150,130,181,185,177,NA,NA,NA
NA,NA,NA,NA,181,185,177,NA,NA,NA
NA,NA,NA,NA,181,185,177,NA,NA,NA
NA,NA,NA,NA,181,NA,177,NA,NA,NA
NA,NA,NA,NA,181,NA,177,NA,NA,NA
NA,NA,150,130,181,185,177,NA,NA,NA
NA,NA,NA,NA,181,NA,177,NA,NA,NA
NA,NA,NA,NA,181,NA,177,NA,NA,NA
NA,NA,150,130,181,185,177,NA,NA,NA
NA,NA,150,130,181,185,177,NA,NA,NA
NA,NA,150,130,181,185,177,NA,NA,NA
NA,NA,150,130,181,185,177,NA,NA,NA
NA,NA,150,130,181,185,177,NA,NA,NA
NA,NA,150,130,181,185,177,NA,NA,NA
NA,NA,NA,130,181,185,177,NA,NA,NA
NA,NA,NA,130,181,185,177,NA,NA,NA
NA,NA,150,130,181,185,177,NA,NA,NA
NA,NA,NA,130,181,185,177,NA,NA,NA
153,NA,NA,NA,NA,NA,NA,NA,NA,NA
153,NA,NA,NA,NA,NA,169,NA,NA,141
153,NA,NA,NA,NA,NA,169,133,NA,141
153,NA,NA,NA,NA,NA,169,133,NA,141
153,NA,NA,NA,NA,NA,169,133,NA,141
153,NA,NA,NA,NA,NA,169,133,NA,141
153,NA,NA,NA,NA,NA,169,133,NA,141
153,NA,NA,NA,NA,NA,169,133,NA,141
153,NA,NA,NA,NA,NA,169,133,NA,141
153,NA,NA,NA,NA,NA,169,133,NA,141
153,NA,NA,NA,NA,NA,169,133,NA,141
153,NA,NA,NA,NA,NA,NA,NA,NA,NA
153,NA,NA,NA,NA,NA,169,133,NA,141
153,NA,NA,NA,NA,NA,169,133,NA,141
153,NA,NA,NA,NA,NA,169,NA,NA,NA
153,NA,NA,NA,NA,NA,169,NA,NA,NA
167,152,134,142,171,NA,NA,NA,NA,NA
167,152,134,142,NA,NA,NA,NA,NA,NA
167,152,134,142,NA,NA,NA,NA,NA,NA
167,152,134,142,171,NA,NA,NA,NA,NA
167,152,134,NA,NA,NA,NA,NA,NA,NA
167,152,134,142,171,NA,NA,NA,NA,NA
167,152,134,142,171,NA,NA,NA,NA,NA
167,152,134,142,171,NA,NA,NA,NA,NA
167,152,134,142,171,NA,NA,NA,NA,NA
167,152,134,142,171,NA,NA,NA,NA,NA
167,152,134,142,171,NA,NA,NA,NA,NA
167,152,134,142,171,NA,NA,NA,NA,NA
167,152,134,142,171,NA,NA,NA,NA,NA
167,152,134,142,171,NA,NA,NA,NA,NA
167,152,134,142,171,NA,NA,NA,NA,NA
167,152,134,142,171,NA,NA,NA,NA,NA
167,152,134,142,171,NA,NA,NA,NA,NA
167,152,134,142,171,NA,NA,NA,NA,NA
167,152,134,142,171,NA,NA,NA,NA,NA
167,152,134,142,171,NA,NA,NA,NA,NA
141,153,NA,NA,147,NA,NA,NA,NA,156
141,153,NA,NA,147,159,153,141,146,156
141,153,NA,NA,NA,159,NA,NA,NA,NA
141,153,NA,NA,147,159,153,141,146,156
141,153,NA,NA,147,159,153,141,146,156
141,153,NA,NA,147,159,153,141,146,156
141,153,NA,NA,147,159,153,141,146,156
141,153,NA,NA,147,159,153,141,146,156
141,NA,NA,NA,NA,NA,NA,NA,NA,NA
141,153,NA,NA,147,159,153,141,146,156
141,153,NA,NA,147,159,153,141,146,156
141,153,NA,NA,147,159,153,141,146,156
141,153,NA,NA,137,159,153,141,146,156
141,153,NA,NA,NA,NA,NA,NA,146,NA
141,NA,NA,NA,NA,NA,NA,NA,NA,NA
141,153,NA,NA,147,159,153,141,146,156
141,153,NA,NA,NA,NA,NA,NA,NA,NA
141,153,NA,NA,NA,159,NA,NA,146,NA
141,153,NA,NA,147,159,153,141,146,156
141,NA,NA,NA,147,NA,NA,NA,146,NA
NA,NA,NA,NA,NA,NA,NA,NA,NA,183
NA,NA,NA,NA,NA,NA,NA,NA,NA,183
NA,NA,NA,NA,NA,NA,NA,NA,NA,183
NA,NA,NA,NA,NA,NA,NA,NA,NA,183
NA,NA,NA,NA,NA,NA,NA,NA,NA,183
NA,NA,NA,NA,NA,NA,NA,NA,NA,183
NA,NA,NA,NA,NA,NA,NA,NA,NA,183
NA,NA,NA,NA,NA,NA,NA,NA,NA,183
NA,NA,NA,NA,NA,NA,NA,NA,NA,183
NA,NA,NA,NA,NA,NA,NA,NA,NA,183
NA,NA,NA,NA,NA,NA,NA,NA,NA,183
NA,NA,NA,NA,NA,NA,NA,NA,NA,183
NA,NA,NA,NA,NA,NA,NA,NA,NA,183
NA,NA,NA,NA,NA,NA,NA,NA,NA,183
NA,NA,NA,NA,NA,NA,NA,NA,NA,183
NA,NA,NA,NA,NA,NA,NA,NA,NA,183
NA,NA,NA,NA,NA,NA,NA,NA,NA,183
NA,NA,NA,NA,NA,NA,NA,NA,NA,183
158,158,NA,NA,NA,NA,NA,NA,NA,NA
158,158,NA,NA,NA,NA,NA,NA,NA,NA
158,158,NA,NA,NA,NA,NA,NA,NA,NA
158,158,NA,NA,NA,NA,NA,NA,NA,NA
158,158,NA,NA,NA,NA,NA,NA,NA,NA
158,158,NA,NA,NA,NA,NA,NA,NA,NA
158,158,NA,NA,NA,NA,NA,NA,NA,NA
158,158,NA,NA,NA,NA,NA,NA,NA,NA
158,158,NA,NA,NA,NA,NA,NA,NA,NA
158,158,NA,NA,NA,NA,NA,NA,NA,NA
158,158,NA,NA,NA,NA,NA,NA,NA,NA
158,158,NA,NA,NA,NA,NA,NA,NA,NA
158,158,NA,NA,NA,NA,NA,NA,NA,NA
158,158,NA,NA,NA,NA,NA,NA,NA,NA
158,158,NA,NA,NA,NA,NA,NA,NA,NA
158,158,NA,NA,NA,NA,NA,NA,NA,NA
158,158,NA,NA,NA,NA,NA,NA,NA,NA
158,158,NA,NA,NA,NA,NA,NA,NA,NA
158,158,NA,NA,NA,NA,NA,NA,NA,NA
158,158,NA,NA,NA,NA,NA,NA,NA,NA
NA,NA,NA,173,151,NA,160,NA,149,162
NA,NA,NA,173,151,NA,160,NA,149,162
NA,NA,NA,173,151,NA,160,NA,149,162
NA,NA,NA,173,151,NA,160,NA,149,162
NA,NA,NA,173,151,NA,160,NA,149,162
NA,NA,NA,173,151,NA,160,NA,149,162
NA,NA,NA,173,151,NA,160,NA,149,162
NA,NA,NA,173,151,NA,160,NA,149,162
NA,NA,NA,173,151,NA,160,NA,149,162
NA,NA,NA,173,151,NA,160,NA,149,162
NA,NA,NA,173,151,NA,160,NA,149,162
NA,NA,NA,173,151,NA,160,NA,149,162
NA,NA,NA,173,151,NA,160,NA,149,162
NA,NA,NA,173,151,NA,160,NA,149,162
NA,NA,NA,173,151,NA,160,NA,149,162
NA,NA,NA,173,151,NA,160,NA,149,162
NA,NA,NA,173,151,NA,160,NA,149,162
NA,NA,NA,173,151,NA,160,NA,149,162
NA,NA,NA,173,151,NA,160,NA,149,162
NA,NA,NA,173,151,NA,160,NA,149,162
NA,NA,NA,NA,NA,NA,157,184,173,182
NA,NA,NA,NA,NA,NA,157,184,173,182
NA,NA,NA,NA,NA,NA,157,184,173,182
NA,NA,NA,NA,NA,NA,157,184,173,182
NA,NA,NA,NA,NA,NA,157,184,173,NA
NA,NA,NA,NA,NA,NA,157,184,173,182
NA,NA,NA,NA,NA,NA,157,NA,173,NA
NA,NA,NA,NA,NA,NA,157,NA,173,182
NA,NA,NA,NA,NA,NA,157,184,NA,NA
NA,NA,NA,NA,NA,NA,157,NA,NA,NA
NA,NA,NA,NA,NA,NA,157,NA,NA,NA
NA,NA,NA,NA,NA,NA,157,NA,NA,NA
NA,177,NA,NA,191,149,NA,NA,NA,NA
NA,177,NA,NA,191,149,NA,NA,NA,NA
NA,177,NA,NA,191,149,NA,NA,NA,NA
NA,177,NA,NA,191,149,NA,NA,NA,NA
NA,177,NA,NA,191,149,NA,NA,NA,NA
NA,177,NA,NA,191,149,NA,NA,NA,NA
NA,177,NA,NA,191,149,NA,NA,NA,NA
NA,177,NA,NA,191,149,NA,NA,NA,NA
NA,177,NA,NA,191,149,NA,NA,NA,NA
NA,177,NA,NA,191,149,NA,NA,NA,NA
NA,177,NA,NA,190,149,NA,NA,NA,NA
NA,177,NA,NA,190,149,NA,NA,NA,NA
NA,177,NA,NA,190,149,NA,NA,NA,NA
NA,177,NA,NA,190,149,NA,NA,NA,NA
NA,177,NA,NA,190,149,NA,NA,NA,NA
NA,177,NA,NA,190,149,NA,NA,NA,NA
NA,177,NA,NA,190,149,NA,NA,NA,NA
NA,177,NA,NA,190,149,NA,NA,NA,NA
NA,177,NA,NA,NA,149,NA,NA,NA,NA
NA,177,NA,NA,NA,149,NA,NA,NA,NA
NA,NA,NA,NA,155,NA,191,180,NA,142
NA,NA,NA,NA,155,NA,NA,180,182,142
NA,NA,NA,NA,155,183,191,180,182,142
NA,NA,NA,NA,155,183,191,180,182,142
NA,NA,NA,NA,155,183,191,180,182,142
NA,NA,NA,NA,155,183,191,180,182,142
NA,NA,NA,NA,155,183,191,180,182,142
NA,NA,NA,NA,155,183,191,180,182,142
NA,NA,NA,NA,155,183,191,180,182,142
NA,NA,NA,NA,155,183,191,180,182,142
NA,NA,NA,NA,155,NA,NA,NA,NA,NA
NA,NA,NA,NA,155,NA,NA,NA,NA,NA
NA,NA,NA,NA,155,NA,NA,NA,NA,NA
NA,NA,NA,NA,155,NA,NA,180,NA,NA
NA,NA,NA,NA,155,NA,NA,180,NA,NA
NA,NA,NA,NA,155,NA,NA,180,NA,NA
NA,NA,NA,NA,155,NA,NA,180,NA,NA
NA,NA,NA,NA,155,NA,NA,180,NA,NA
NA,NA,NA,NA,155,183,191,180,182,142
NA,NA,NA,NA,155,183,191,180,182,142
154,140,NA,NA,NA,NA,NA,NA,NA,NA
154,140,NA,NA,NA,NA,NA,NA,NA,NA
154,140,NA,NA,NA,NA,NA,NA,NA,NA
154,140,NA,NA,NA,NA,NA,NA,NA,NA
154,140,NA,NA,NA,NA,NA,NA,NA,NA
154,140,NA,NA,NA,NA,NA,NA,NA,NA
154,140,NA,NA,NA,NA,NA,NA,NA,NA
154,140,NA,NA,NA,NA,NA,NA,NA,NA
154,140,NA,NA,NA,NA,NA,NA,NA,NA
154,140,NA,NA,NA,NA,NA,NA,NA,NA
154,140,NA,NA,NA,NA,NA,NA,NA,NA
154,140,NA,NA,NA,NA,NA,NA,NA,NA
154,140,NA,NA,NA,NA,NA,NA,NA,NA
154,140,NA,NA,NA,NA,NA,NA,NA,NA
154,140,NA,NA,NA,NA,NA,NA,NA,NA
154,140,NA,NA,NA,NA,NA,NA,NA,NA
154,140,NA,NA,NA,NA,NA,NA,NA,NA
154,140,NA,NA,NA,NA,NA,NA,NA,NA
154,140,NA,NA,NA,NA,NA,NA,NA,NA
154,140,NA,NA,NA,NA,NA,NA,NA,NA
130,141,175,134,171,NA,151,NA,NA,NA
130,141,175,134,171,NA,151,NA,NA,NA
130,141,175,134,NA,NA,151,NA,NA,NA
130,141,175,134,171,NA,151,NA,NA,NA
NA,141,NA,NA,NA,NA,NA,NA,NA,NA
130,141,175,134,171,NA,151,NA,NA,NA
130,NA,NA,NA,NA,NA,NA,NA,NA,NA
130,141,175,134,171,NA,151,NA,NA,NA
130,141,175,134,171,NA,151,NA,NA,NA
130,141,175,134,171,NA,151,NA,NA,NA
130,NA,NA,NA,NA,NA,NA,NA,NA,NA
130,141,175,134,171,NA,151,NA,NA,NA
130,141,175,134,171,NA,151,NA,NA,NA
130,141,175,134,171,NA,151,NA,NA,NA
130,141,175,134,171,NA,151,NA,NA,NA
130,NA,NA,NA,NA,NA,151,NA,NA,NA
NA,NA,NA,NA,171,NA,151,NA,NA,NA
130,NA,NA,NA,171,NA,151,NA,NA,NA
130,NA,NA,NA,NA,NA,NA,NA,NA,NA
130,NA,NA,NA,NA,NA,NA,NA,NA,NA
157,165,130,148,160,NA,156,NA,NA,NA
157,165,130,148,160,NA,156,NA,NA,NA
157,NA,NA,NA,NA,NA,NA,NA,NA,NA
157,NA,NA,NA,NA,NA,NA,NA,NA,NA
157,NA,NA,NA,160,NA,NA,NA,NA,NA
157,NA,NA,NA,NA,NA,NA,NA,NA,NA
157,NA,NA,NA,160,NA,NA,NA,NA,NA
157,165,130,148,160,NA,156,NA,NA,NA
157,165,130,148,160,NA,156,NA,NA,NA
157,165,130,148,160,NA,156,NA,NA,NA
157,164,130,148,160,NA,156,NA,NA,NA
157,164,130,148,160,NA,156,NA,NA,NA
157,164,130,148,160,NA,156,NA,NA,NA
157,164,130,148,160,NA,156,NA,NA,NA
157,164,130,148,160,NA,156,NA,NA,NA
157,164,130,148,160,NA,156,NA,NA,NA
157,164,130,148,160,NA,156,NA,NA,NA
157,NA,NA,148,NA,NA,NA,NA,NA,NA
157,164,130,148,160,NA,156,NA,NA,NA
157,164,NA,NA,NA,NA,NA,NA,NA,NA
182,142,NA,172,NA,182,153,139,157,NA
182,142,NA,172,NA,182,153,139,157,NA
182,142,NA,172,NA,182,153,139,157,NA
182,142,NA,172,NA,182,153,139,157,NA
182,142,NA,172,NA,182,153,139,157,NA
182,142,NA,172,NA,182,153,139,157,NA
182,142,NA,172,NA,182,153,139,157,NA
182,142,NA,172,NA,182,153,139,157,NA
182,142,NA,NA,NA,NA,153,NA,NA,NA
NA,NA,NA,172,NA,NA,NA,NA,NA,NA
182,142,NA,172,NA,182,153,139,157,NA
182,142,NA,172,NA,182,153,139,157,NA
182,142,NA,172,NA,182,153,139,157,NA
182,142,NA,172,NA,182,153,139,157,NA
182,142,NA,NA,NA,NA,NA,NA,NA,NA
182,142,NA,NA,NA,NA,NA,NA,NA,NA
182,142,NA,NA,NA,NA,NA,NA,NA,NA
182,142,NA,NA,NA,NA,NA,NA,NA,NA
182,142,NA,NA,NA,NA,NA,NA,NA,NA
182,142,NA,NA,NA,NA,NA,NA,NA,NA
182,142,NA,NA,NA,NA,NA,NA,NA,NA
182,142,NA,NA,NA,NA,NA,NA,NA,NA
NA,160,157,171,NA,NA,NA,NA,NA,NA
NA,160,157,171,NA,NA,NA,NA,NA,NA
NA,160,157,171,NA,NA,NA,NA,NA,NA
NA,160,157,171,NA,NA,NA,NA,NA,NA
NA,160,157,171,NA,NA,NA,NA,NA,NA
NA,160,157,171,NA,NA,NA,NA,NA,NA
NA,160,157,171,NA,NA,NA,NA,NA,NA
NA,160,157,171,NA,NA,NA,NA,NA,NA
NA,160,157,171,NA,NA,NA,NA,NA,NA
NA,160,157,171,NA,NA,NA,NA,NA,NA
NA,160,157,171,NA,NA,NA,NA,NA,NA
NA,160,157,171,NA,NA,NA,NA,NA,NA
NA,160,157,171,NA,NA,NA,NA,NA,NA
NA,160,157,171,NA,NA,NA,NA,NA,NA
NA,160,157,171,NA,NA,NA,NA,NA,NA
NA,160,157,171,NA,NA,NA,NA,NA,NA
NA,160,157,171,NA,NA,NA,NA,NA,NA
NA,160,157,NA,NA,NA,NA,NA,NA,NA
NA,160,157,NA,NA,NA,NA,NA,NA,NA
NA,NA,NA,NA,165,NA,162,NA,171,NA
NA,NA,NA,NA,165,NA,162,NA,171,NA
NA,NA,NA,NA,165,NA,162,NA,171,NA
NA,NA,NA,NA,165,NA,162,NA,171,NA
NA,NA,NA,NA,165,NA,162,NA,171,NA
NA,NA,NA,NA,165,NA,162,NA,171,NA
NA,NA,NA,NA,165,NA,162,NA,171,NA
NA,NA,NA,NA,165,NA,162,NA,171,NA
NA,NA,NA,NA,165,NA,162,NA,171,NA
NA,NA,NA,NA,NA,NA,162,NA,171,NA
NA,NA,NA,NA,165,NA,162,NA,171,NA
NA,NA,NA,NA,165,NA,162,NA,171,NA
NA,NA,NA,NA,165,NA,162,NA,171,NA
NA,NA,NA,NA,165,NA,162,NA,171,NA
NA,NA,NA,NA,165,NA,162,NA,171,NA
NA,NA,NA,NA,165,NA,162,NA,171,NA
NA,NA,NA,NA,165,NA,162,NA,171,NA
NA,NA,NA,NA,165,NA,162,NA,171,NA
NA,NA,NA,NA,165,NA,162,NA,171,NA
NA,NA,NA,NA,165,NA,162,NA,171,NA
NA,NA,NA,NA,NA,NA,NA,NA,153,NA
NA,NA,NA,NA,NA,NA,NA,NA,153,NA
NA,NA,NA,NA,NA,NA,NA,NA,153,NA
186,199,NA,176,180,191,161,NA,NA,164
186,199,NA,176,180,191,161,NA,NA,164
186,199,NA,176,180,191,161,NA,NA,164
186,199,NA,176,180,191,161,NA,NA,164
186,199,NA,176,180,191,161,NA,NA,164
186,199,NA,176,180,191,161,NA,NA,164
186,199,NA,176,180,191,161,NA,NA,164
186,199,NA,176,180,191,161,NA,NA,164
186,199,NA,176,180,191,161,NA,NA,164
186,199,NA,176,180,191,161,NA,NA,164
186,199,NA,176,NA,191,161,NA,NA,164
186,198,NA,176,180,191,161,NA,NA,164
186,198,NA,176,180,191,161,NA,NA,164
186,198,NA,176,180,191,161,NA,NA,164
186,198,NA,176,180,191,161,NA,NA,164
186,198,NA,176,180,191,161,NA,NA,164
186,198,NA,176,180,191,161,NA,NA,164
186,198,NA,176,180,191,161,NA,NA,164
186,198,NA,176,180,191,161,NA,NA,164
186,198,NA,176,180,191,161,NA,NA,164
186,198,NA,176,180,191,161,NA,NA,164
NA,NA,146,155,NA,NA,NA,NA,NA,NA
NA,146,NA,155,NA,NA,NA,NA,NA,NA
NA,146,146,155,NA,NA,NA,NA,NA,NA
NA,146,146,155,NA,NA,NA,NA,NA,NA
NA,146,146,155,NA,NA,NA,NA,NA,NA
NA,146,146,155,NA,NA,NA,NA,NA,NA
NA,146,146,155,NA,NA,NA,NA,NA,NA
NA,146,146,155,NA,NA,NA,NA,NA,NA
NA,146,146,155,NA,NA,NA,NA,NA,NA
NA,146,146,155,NA,NA,NA,NA,NA,NA
NA,146,146,155,NA,NA,NA,NA,NA,NA
NA,146,146,155,NA,NA,NA,NA,NA,NA
NA,146,146,155,NA,NA,NA,NA,NA,NA
NA,146,146,155,NA,NA,NA,NA,NA,NA
NA,146,146,155,NA,NA,NA,NA,NA,NA
NA,146,146,155,NA,NA,NA,NA,NA,NA
NA,146,146,155,NA,NA,NA,NA,NA,NA
NA,146,146,155,NA,NA,NA,NA,NA,NA
NA,146,146,155,NA,NA,NA,NA,NA,NA
NA,146,146,155,NA,NA,NA,NA,NA,NA
NA,146,146,155,NA,NA,NA,NA,NA,NA
NA,NA,NA,NA,164,171,NA,NA,189,173
NA,NA,NA,NA,164,171,NA,NA,189,173
NA,NA,NA,NA,164,171,NA,NA,189,173
NA,NA,NA,NA,164,171,NA,NA,189,173
NA,NA,NA,NA,164,171,NA,NA,189,173
NA,NA,NA,NA,164,171,NA,NA,189,173
NA,NA,NA,NA,164,171,NA,NA,189,173
NA,NA,NA,NA,164,171,NA,NA,189,173
NA,NA,NA,NA,164,171,NA,NA,189,173
NA,NA,NA,NA,164,171,NA,NA,189,173
NA,NA,NA,NA,164,171,NA,NA,189,173
NA,NA,NA,NA,164,171,NA,NA,189,173
NA,NA,NA,NA,164,171,NA,NA,189,173
NA,NA,172,NA,NA,166,145,NA,182,NA
NA,NA,172,NA,NA,166,145,NA,182,NA
NA,NA,172,NA,NA,166,145,NA,NA,NA
NA,NA,172,NA,NA,NA,NA,NA,NA,NA
NA,NA,172,NA,NA,166,145,NA,182,NA
NA,NA,172,NA,NA,166,145,NA,182,NA
NA,NA,NA,NA,NA,NA,NA,NA,182,NA
NA,NA,NA,NA,NA,166,145,NA,NA,NA
NA,NA,NA,NA,NA,166,145,NA,NA,NA
NA,NA,172,NA,NA,166,145,NA,182,NA
NA,NA,172,NA,NA,166,145,NA,182,NA
NA,NA,172,NA,NA,NA,NA,NA,NA,NA
NA,NA,172,NA,NA,166,145,NA,NA,NA
NA,NA,172,NA,NA,166,145,NA,182,NA
NA,NA,172,NA,NA,166,145,NA,182,NA
NA,NA,172,NA,NA,166,145,NA,182,NA
NA,NA,172,NA,NA,NA,NA,NA,NA,NA
NA,NA,NA,NA,NA,NA,NA,NA,182,NA
NA,NA,NA,NA,NA,NA,156,175,NA,165
NA,NA,NA,NA,NA,NA,156,175,NA,165
NA,NA,NA,NA,NA,NA,156,175,NA,165
NA,NA,NA,NA,NA,NA,156,175,NA,165
NA,NA,NA,NA,NA,NA,156,175,NA,165
NA,NA,NA,NA,NA,NA,156,175,NA,165
NA,NA,NA,NA,NA,NA,156,175,NA,165
NA,NA,NA,NA,NA,NA,156,175,NA,165
NA,NA,NA,NA,NA,NA,156,175,NA,NA
NA,188,174,181,177,158,136,147,180,171
NA,188,174,181,177,158,136,147,180,171
NA,188,174,181,177,158,136,147,180,171
NA,188,174,181,177,158,136,147,180,171
NA,188,174,181,177,158,136,147,180,171
NA,NA,174,181,177,158,NA,NA,NA,171
NA,188,174,181,177,NA,NA,NA,NA,171
NA,NA,174,181,177,NA,NA,147,NA,171
NA,NA,NA,181,177,NA,NA,147,NA,NA
NA,188,NA,181,177,NA,NA,147,NA,NA
NA,188,174,181,177,158,136,147,180,171
165,148,178,180,189,NA,NA,NA,NA,NA
165,148,178,180,189,NA,NA,NA,NA,NA
165,148,178,180,189,NA,NA,NA,NA,NA
165,148,178,180,189,NA,NA,NA,NA,NA
165,148,178,180,189,NA,NA,NA,NA,NA
165,NA,NA,NA,NA,NA,NA,NA,NA,NA
165,NA,NA,NA,NA,NA,NA,NA,NA,NA
165,148,178,180,189,NA,NA,NA,NA,NA
165,148,178,180,189,NA,NA,NA,NA,NA
165,148,178,180,189,NA,NA,NA,NA,NA
165,148,178,180,189,NA,NA,NA,NA,NA
165,148,178,180,189,NA,NA,NA,NA,NA
165,148,178,180,189,NA,NA,NA,NA,NA
165,148,178,180,189,NA,NA,NA,NA,NA
165,NA,NA,NA,NA,NA,NA,NA,NA,NA
165,148,178,180,189,NA,NA,NA,NA,NA
165,148,178,180,189,NA,NA,NA,NA,NA
165,148,178,180,189,NA,NA,NA,NA,NA
165,148,178,180,189,NA,NA,NA,NA,NA
165,148,178,180,189,NA,NA,NA,NA,NA
NA,NA,154,NA,NA,NA,NA,NA,NA,NA
NA,NA,154,NA,NA,NA,NA,NA,NA,NA
168,175,154,NA,NA,NA,NA,NA,NA,NA
168,175,154,NA,NA,NA,NA,NA,NA,NA
168,175,154,NA,NA,NA,NA,NA,NA,NA
168,175,154,NA,NA,NA,NA,NA,NA,NA
168,175,154,NA,NA,NA,NA,NA,NA,NA
168,175,154,NA,NA,NA,NA,NA,NA,NA
168,175,154,NA,NA,NA,NA,NA,NA,NA
168,175,154,NA,NA,NA,NA,NA,NA,NA
168,175,154,NA,NA,NA,NA,NA,NA,NA
168,175,154,NA,NA,NA,NA,NA,NA,NA
168,175,154,NA,NA,NA,NA,NA,NA,NA
168,175,154,NA,NA,NA,NA,NA,NA,NA
168,175,154,NA,NA,NA,NA,NA,NA,NA
168,175,154,NA,NA,NA,NA,NA,NA,NA
168,175,154,NA,NA,NA,NA,NA,NA,NA
168,175,154,NA,NA,NA,NA,NA,NA,NA
168,175,154,NA,NA,NA,NA,NA,NA,NA
168,175,154,NA,NA,NA,NA,NA,NA,NA
NA,NA,NA,NA,NA,NA,NA,NA,171,175
NA,NA,NA,NA,NA,NA,NA,NA,171,175
NA,NA,NA,NA,NA,NA,NA,NA,171,175
NA,NA,NA,NA,NA,NA,NA,NA,171,175
NA,NA,NA,NA,NA,NA,NA,NA,171,175
NA,NA,NA,NA,NA,NA,NA,NA,NA,175
NA,NA,NA,NA,NA,NA,NA,NA,171,175
NA,NA,NA,NA,NA,NA,NA,NA,171,175
NA,NA,NA,NA,NA,NA,NA,NA,171,175
NA,NA,NA,NA,NA,NA,NA,NA,NA,175
NA,NA,NA,NA,NA,NA,NA,NA,171,175
NA,NA,NA,NA,NA,NA,NA,NA,171,175
NA,NA,NA,NA,NA,NA,NA,NA,171,175
NA,NA,NA,NA,NA,NA,NA,NA,171,175
NA,NA,NA,NA,NA,NA,NA,NA,171,175
NA,NA,NA,NA,NA,NA,NA,NA,171,175
NA,NA,NA,NA,NA,NA,NA,NA,NA,175
NA,NA,NA,NA,NA,NA,NA,NA,171,175
NA,NA,NA,NA,NA,NA,NA,NA,171,175
149,151,NA,NA,NA,NA,NA,NA,NA,NA
149,151,NA,NA,NA,NA,NA,NA,NA,NA
149,151,NA,NA,NA,NA,NA,NA,NA,NA
149,151,NA,NA,NA,NA,NA,NA,NA,NA
149,151,NA,NA,NA,NA,NA,NA,NA,NA
149,151,NA,NA,NA,NA,NA,NA,NA,NA
149,151,NA,NA,NA,NA,NA,NA,NA,NA
149,151,NA,NA,NA,NA,NA,NA,NA,NA
149,151,NA,NA,NA,NA,NA,NA,NA,NA
149,151,NA,NA,NA,NA,NA,NA,NA,NA
149,151,NA,NA,NA,NA,NA,NA,NA,NA
149,151,NA,NA,NA,NA,NA,NA,NA,NA
149,151,NA,NA,NA,NA,NA,NA,NA,NA
149,151,NA,NA,NA,NA,NA,NA,NA,NA
149,151,NA,NA,NA,NA,NA,NA,NA,NA
149,151,NA,NA,NA,NA,NA,NA,NA,NA
149,151,NA,NA,NA,NA,NA,NA,NA,NA
149,151,NA,NA,NA,NA,NA,NA,NA,NA
149,151,NA,NA,NA,NA,NA,NA,NA,NA
149,151,NA,NA,NA,NA,NA,NA,NA,NA
147,NA,NA,NA,NA,NA,NA,NA,NA,NA
147,NA,NA,NA,NA,NA,NA,NA,NA,NA
147,NA,NA,NA,NA,NA,NA,NA,NA,NA
147,NA,NA,NA,NA,NA,NA,NA,NA,NA
147,NA,NA,NA,NA,NA,NA,NA,NA,NA
147,NA,NA,NA,NA,NA,NA,NA,NA,NA
147,NA,NA,NA,NA,NA,NA,NA,NA,NA
147,NA,NA,NA,NA,NA,NA,NA,NA,NA
147,NA,NA,NA,NA,NA,NA,NA,NA,NA
147,NA,NA,NA,NA,NA,NA,NA,NA,NA
147,NA,NA,NA,NA,NA,NA,NA,NA,NA
147,NA,NA,NA,NA,NA,NA,NA,NA,NA
147,NA,NA,NA,NA,NA,NA,NA,NA,NA
147,NA,NA,NA,NA,NA,NA,NA,NA,NA
147,NA,NA,NA,NA,NA,NA,NA,NA,NA
147,NA,NA,NA,NA,NA,NA,NA,NA,NA
147,NA,NA,NA,NA,NA,NA,NA,NA,NA
147,NA,NA,NA,NA,NA,NA,NA,NA,NA
147,NA,NA,NA,NA,NA,NA,NA,NA,NA
147,NA,NA,NA,NA,NA,NA,NA,NA,NA
NA,NA,NA,NA,NA,NA,NA,NA,188,NA
NA,NA,NA,NA,NA,NA,NA,NA,188,NA
NA,NA,NA,NA,NA,NA,NA,NA,188,NA
NA,NA,NA,NA,NA,NA,NA,NA,188,NA
NA,NA,NA,NA,NA,NA,NA,NA,188,NA
NA,NA,NA,NA,NA,NA,NA,NA,188,NA
NA,NA,NA,NA,NA,NA,NA,NA,188,NA
NA,NA,NA,NA,NA,NA,NA,NA,188,NA
NA,NA,NA,NA,NA,NA,NA,NA,188,NA
NA,NA,NA,NA,NA,NA,NA,NA,188,NA
NA,NA,NA,NA,NA,NA,NA,NA,188,NA
NA,NA,NA,NA,NA,NA,NA,NA,188,NA
NA,NA,NA,NA,NA,NA,NA,NA,188,NA
NA,NA,NA,NA,NA,NA,NA,NA,188,NA
NA,NA,NA,NA,NA,NA,NA,NA,188,NA
NA,NA,NA,NA,NA,NA,NA,143,NA,NA
NA,NA,NA,NA,NA,NA,NA,NA,170,NA
NA,NA,NA,NA,NA,NA,NA,143,NA,148
NA,NA,NA,NA,NA,NA,NA,143,NA,148
NA,NA,NA,NA,NA,NA,NA,143,NA,NA
NA,NA,NA,NA,NA,NA,NA,143,170,148
NA,NA,NA,NA,NA,NA,NA,143,170,148
NA,NA,NA,NA,NA,NA,NA,143,170,NA
NA,NA,NA,NA,NA,NA,NA,143,170,148
NA,NA,NA,NA,NA,NA,NA,143,NA,NA
NA,NA,NA,NA,NA,NA,NA,180,162,145
NA,NA,NA,NA,NA,NA,NA,180,162,145
NA,NA,NA,NA,NA,NA,NA,180,162,NA
NA,NA,NA,NA,NA,NA,NA,180,162,NA
NA,NA,NA,NA,NA,NA,NA,180,162,NA
NA,NA,NA,NA,NA,NA,NA,180,162,145
NA,NA,NA,NA,NA,NA,NA,180,162,145
NA,NA,NA,NA,NA,NA,NA,180,162,145
NA,NA,NA,NA,NA,NA,NA,180,162,145
NA,NA,NA,NA,NA,NA,NA,180,162,145
NA,NA,NA,NA,NA,NA,NA,180,162,145
NA,NA,NA,NA,NA,NA,NA,180,162,145
NA,NA,NA,NA,NA,NA,NA,180,162,145
150,133,138,172,166,131,149,171,140,138
150,133,138,172,166,131,149,171,140,138
150,133,138,172,166,131,149,171,140,138
150,133,138,172,166,131,149,171,140,138
150,133,138,172,166,131,149,171,140,138
150,133,138,172,166,131,149,171,140,138
150,133,138,172,166,131,149,171,140,138
150,133,138,172,166,131,149,171,140,138
150,133,138,172,166,131,149,171,140,138
150,133,138,172,166,131,149,171,140,138
150,133,132,172,166,131,149,171,140,138
150,133,132,172,166,131,149,171,140,138
150,133,132,172,166,131,149,171,140,138
150,133,132,172,166,131,149,171,140,138
150,133,132,172,166,131,149,171,140,138
150,133,132,172,166,131,149,171,140,138
150,133,132,172,166,131,149,171,140,138
150,133,132,172,166,131,149,171,140,138
150,133,132,172,166,131,149,171,140,138
150,133,132,172,166,131,149,171,140,138
150,133,132,172,166,NA,149,171,NA,138
NA,NA,NA,NA,NA,NA,NA,157,NA,157
NA,NA,NA,NA,NA,NA,NA,157,NA,157
NA,NA,NA,NA,NA,NA,NA,157,NA,157
NA,NA,NA,NA,NA,NA,NA,157,NA,157
NA,NA,NA,NA,NA,NA,NA,157,NA,157
NA,NA,NA,NA,NA,NA,NA,157,NA,157
NA,NA,NA,NA,NA,NA,NA,157,NA,157
NA,NA,NA,NA,NA,NA,NA,157,NA,157
NA,NA,NA,NA,NA,NA,NA,157,NA,157
NA,NA,NA,NA,NA,NA,NA,157,NA,157
NA,NA,NA,NA,NA,NA,NA,157,NA,157
NA,NA,NA,NA,NA,NA,NA,157,NA,157
NA,NA,NA,NA,NA,NA,NA,157,NA,157
NA,NA,NA,NA,NA,NA,NA,157,NA,157
NA,NA,NA,NA,NA,NA,NA,157,NA,157
NA,NA,NA,NA,NA,NA,NA,157,NA,157
NA,NA,NA,NA,NA,170,170,169,167,146
NA,NA,NA,NA,NA,170,170,169,167,146
NA,NA,NA,NA,NA,170,170,169,167,146
NA,NA,NA,NA,NA,170,170,169,167,146
NA,NA,NA,NA,NA,170,170,169,167,146
NA,NA,NA,NA,NA,170,170,169,167,146
NA,NA,NA,NA,NA,170,170,169,167,146
NA,NA,NA,NA,NA,170,170,169,167,146
NA,NA,NA,NA,NA,170,170,169,167,146
NA,NA,NA,NA,NA,170,170,169,167,146
NA,NA,NA,NA,NA,170,170,169,167,146
NA,NA,NA,NA,NA,170,170,169,167,146
NA,NA,NA,NA,NA,170,170,169,167,146
NA,NA,NA,NA,NA,170,170,NA,167,146
NA,NA,NA,148,143,NA,180,158,185,183
NA,NA,NA,148,143,NA,180,158,185,183
NA,NA,NA,148,143,NA,180,158,185,183
NA,NA,NA,148,143,NA,180,158,185,183
NA,NA,NA,148,143,NA,180,158,185,183
NA,NA,NA,148,143,NA,180,158,185,183
NA,NA,NA,148,143,NA,180,158,185,183
NA,NA,NA,148,143,NA,180,158,185,183
NA,NA,NA,148,143,NA,180,158,185,183
NA,NA,NA,148,143,NA,180,158,185,183
NA,NA,NA,148,143,NA,180,158,185,183
NA,NA,NA,148,143,NA,180,158,185,183
NA,NA,NA,148,143,NA,180,158,185,183
NA,NA,NA,148,143,NA,180,158,185,183
NA,NA,NA,148,143,NA,180,158,185,183
NA,NA,NA,148,143,NA,180,158,185,183
NA,NA,NA,148,143,NA,180,158,185,183
NA,NA,NA,148,143,NA,180,158,185,183
NA,NA,NA,148,143,NA,180,158,185,183
NA,NA,NA,148,143,NA,180,158,185,183
NA,NA,NA,148,143,NA,NA,158,185,183
NA,151,162,NA,NA,NA,NA,NA,NA,NA
NA,NA,162,NA,NA,NA,NA,NA,NA,NA
NA,NA,162,NA,NA,NA,NA,NA,NA,NA
NA,NA,162,NA,NA,NA,NA,NA,NA,NA
NA,NA,162,NA,NA,NA,NA,NA,NA,NA
NA,NA,162,NA,NA,NA,NA,NA,NA,NA
NA,NA,162,NA,NA,NA,NA,NA,NA,NA
NA,NA,162,NA,NA,NA,NA,NA,NA,NA
NA,NA,162,NA,NA,NA,NA,NA,NA,NA
NA,151,162,NA,NA,NA,NA,NA,NA,NA
NA,151,162,NA,NA,NA,NA,NA,NA,NA
NA,151,162,NA,NA,NA,NA,NA,NA,NA
NA,151,162,NA,NA,NA,NA,NA,NA,NA
NA,151,162,NA,NA,NA,NA,NA,NA,NA
NA,151,162,NA,NA,NA,NA,NA,NA,NA
NA,151,162,NA,NA,NA,NA,NA,NA,NA
NA,151,162,NA,NA,NA,NA,NA,NA,NA
NA,151,162,NA,NA,NA,NA,NA,NA,NA
NA,151,162,NA,NA,NA,NA,NA,NA,NA
NA,151,NA,NA,NA,NA,NA,NA,NA,NA
NA,151,NA,NA,NA,NA,NA,NA,NA,NA
NA,NA,NA,NA,NA,NA,NA,163,164,NA
NA,NA,NA,NA,NA,NA,NA,163,164,NA
NA,NA,NA,NA,NA,NA,NA,163,164,NA
NA,NA,NA,NA,NA,NA,NA,163,164,NA
NA,NA,NA,NA,NA,NA,NA,163,164,NA
NA,NA,NA,NA,NA,NA,NA,163,164,NA
NA,NA,NA,NA,NA,NA,NA,163,164,NA
NA,NA,NA,NA,NA,NA,NA,163,164,NA
NA,NA,NA,NA,NA,NA,NA,163,164,NA
NA,NA,NA,NA,NA,NA,NA,163,164,NA
NA,144,156,NA,NA,NA,NA,NA,NA,NA
NA,144,156,166,163,NA,160,154,154,NA
NA,144,156,NA,NA,NA,NA,NA,NA,NA
NA,144,156,NA,NA,NA,NA,NA,154,NA
NA,144,156,NA,NA,NA,NA,NA,NA,NA
NA,144,156,NA,163,NA,NA,NA,154,NA
NA,144,156,NA,NA,NA,NA,NA,NA,NA
NA,144,156,NA,NA,NA,NA,NA,154,NA
NA,144,156,NA,NA,NA,NA,NA,154,NA
NA,144,156,166,163,NA,160,154,154,NA
NA,144,NA,166,163,NA,160,NA,NA,NA
NA,144,156,166,163,NA,160,NA,NA,NA
NA,144,156,166,163,NA,160,NA,NA,NA
NA,144,156,166,163,NA,160,154,154,NA
NA,144,156,NA,NA,NA,160,154,154,NA
NA,144,156,166,163,NA,160,154,154,NA
NA,144,156,166,163,NA,160,154,154,NA
NA,144,156,166,163,NA,160,154,154,NA
NA,144,156,166,163,NA,160,154,154,NA
177,190,169,164,NA,NA,NA,NA,NA,NA
177,190,169,164,NA,NA,NA,NA,NA,NA
177,190,169,164,NA,NA,NA,NA,NA,NA
177,190,169,164,NA,NA,NA,NA,NA,NA
177,190,169,164,NA,NA,NA,NA,NA,NA
177,190,169,164,NA,NA,NA,NA,NA,NA
177,190,169,164,NA,NA,NA,NA,NA,NA
177,190,169,164,NA,NA,NA,NA,NA,NA
177,190,169,164,NA,NA,NA,NA,NA,NA
177,NA,NA,NA,NA,NA,NA,NA,NA,NA
177,190,169,164,NA,NA,NA,NA,NA,NA
177,190,169,164,NA,NA,NA,NA,NA,NA
177,190,169,164,NA,NA,NA,NA,NA,NA
177,190,169,164,NA,NA,NA,NA,NA,NA
177,190,169,164,NA,NA,NA,NA,NA,NA
177,190,169,164,NA,NA,NA,NA,NA,NA
177,190,169,164,NA,NA,NA,NA,NA,NA
137,NA,NA,NA,NA,NA,NA,NA,NA,NA
137,NA,NA,NA,NA,NA,NA,NA,NA,NA
137,NA,NA,NA,NA,NA,NA,NA,NA,NA
137,NA,NA,NA,NA,NA,NA,NA,NA,NA
137,NA,NA,NA,NA,NA,NA,NA,NA,NA
137,NA,NA,NA,NA,NA,NA,NA,NA,NA
137,NA,NA,NA,NA,NA,NA,NA,NA,NA
137,NA,NA,NA,NA,NA,NA,NA,NA,NA
137,NA,NA,NA,NA,NA,NA,NA,NA,NA
137,NA,NA,NA,NA,NA,NA,NA,NA,NA
137,NA,NA,NA,NA,NA,NA,NA,NA,NA
137,NA,NA,NA,NA,NA,NA,NA,NA,NA
137,NA,NA,NA,NA,NA,NA,NA,NA,NA
137,NA,NA,NA,NA,NA,NA,NA,NA,NA
137,NA,NA,NA,NA,NA,NA,NA,NA,NA
137,NA,NA,NA,NA,NA,NA,NA,NA,NA
137,NA,NA,NA,NA,NA,NA,NA,NA,NA
137,NA,NA,NA,NA,NA,NA,NA,NA,NA
137,NA,NA,NA,NA,NA,NA,NA,NA,NA
137,NA,NA,NA,NA,NA,NA,NA,NA,NA
NA,NA,NA,NA,NA,NA,NA,137,NA,NA
NA,NA,NA,NA,NA,NA,NA,137,NA,173
NA,NA,NA,NA,NA,NA,NA,137,NA,173
NA,NA,NA,NA,NA,NA,NA,137,194,173
NA,NA,NA,NA,NA,NA,NA,137,194,173
NA,NA,NA,NA,NA,NA,NA,137,NA,NA
NA,NA,NA,NA,NA,NA,NA,137,194,NA
NA,NA,NA,NA,NA,NA,NA,137,NA,NA
NA,NA,NA,NA,NA,138,NA,190,135,131
NA,NA,NA,NA,NA,138,NA,190,135,131
NA,NA,NA,NA,NA,138,NA,190,135,131
NA,NA,NA,NA,NA,138,NA,190,135,131
NA,NA,NA,NA,NA,138,NA,190,135,131
NA,NA,NA,NA,NA,138,NA,190,135,131
NA,NA,NA,NA,NA,138,NA,190,135,131
NA,NA,NA,NA,NA,138,NA,190,135,131
NA,NA,NA,NA,NA,138,NA,190,135,131
NA,NA,NA,NA,NA,138,NA,190,135,131
NA,NA,NA,NA,NA,138,NA,190,135,131
NA,NA,NA,NA,NA,138,NA,190,135,131
NA,NA,NA,NA,NA,138,NA,190,135,131
NA,NA,NA,NA,NA,138,NA,190,135,131
NA,NA,NA,NA,NA,138,NA,190,135,131
NA,NA,NA,NA,NA,138,NA,190,135,131
NA,NA,NA,NA,NA,138,NA,190,135,131
NA,NA,NA,NA,NA,138,NA,190,135,131
NA,NA,NA,NA,NA,138,NA,190,135,131
NA,NA,NA,NA,NA,138,NA,190,NA,NA
