"STATION","NAME","LATITUDE","LONGITUDE","ELEVATION","DATE","PRCP","SNOW","SNWD","TAVG","TMAX","TMIN"
"USW00094846","CHICAGO OHARE INTERNATIONAL AIRPORT, IL US","41.96017","-87.93164","204.8","2019-01-01","0.3","3.0","0.0","-0.7","1.1","-3.2"
"USW00094846","CHICAGO OHARE INTERNATIONAL AIRPORT, IL US","41.96017","-87.93164","204.8","2019-01-02","0.3","3.0","0.0","-2.4","-1.0","-3.2"
"USW00094846","CHICAGO OHARE INTERNATIONAL AIRPORT, IL US","41.96017","-87.93164","204.8","2019-01-03","0.0","0.0","0.0","-1.6","3.3","-4.3"
"USW00094846","CHICAGO OHARE INTERNATIONAL AIRPORT, IL US","41.96017","-87.93164","204.8","2019-01-04","0.0","0.0","0.0","2.8","8.9","-0.5"
"USW00094846","CHICAGO OHARE INTERNATIONAL AIRPORT, IL US","41.96017","-87.93164","204.8","2019-01-05","0.0","0.0","0.0","3.8","11.1","0.0"
"USW00094846","CHICAGO OHARE INTERNATIONAL AIRPORT, IL US","41.96017","-87.93164","204.8","2019-01-06","0.0","0.0","0.0","3.3","4.4","-1.0"
"USW00094846","CHICAGO OHARE INTERNATIONAL AIRPORT, IL US","41.96017","-87.93164","204.8","2019-01-07","11.2","0.0","0.0","6.4","11.7","4.4"
"USW00094846","CHICAGO OHARE INTERNATIONAL AIRPORT, IL US","41.96017","-87.93164","204.8","2019-01-08","0.0","0.0","0.0","5.2","7.2","-4.3"
"USW00094846","CHICAGO OHARE INTERNATIONAL AIRPORT, IL US","41.96017","-87.93164","204.8","2019-01-09","0.0","0.0","0.0","-4.9","-4.3","-9.3"
"USW00094846","CHICAGO OHARE INTERNATIONAL AIRPORT, IL US","41.96017","-87.93164","204.8","2019-01-10","0.0","0.0","0.0","-7.8","-4.3","-9.9"
"USW00094846","CHICAGO OHARE INTERNATIONAL AIRPORT, IL US","41.96017","-87.93164","204.8","2019-01-11","0.0","0.0","0.0","-4.8","-1.0","-8.2"
"USW00094846","CHICAGO OHARE INTERNATIONAL AIRPORT, IL US","41.96017","-87.93164","204.8","2019-01-12","3.0","56.0","0.0","-1.0","0.0","-1.6"
"USW00094846","CHICAGO OHARE INTERNATIONAL AIRPORT, IL US","41.96017","-87.93164","204.8","2019-01-13","0.3","8.0","50.0","-1.3","-0.5","-3.8"
"USW00094846","CHICAGO OHARE INTERNATIONAL AIRPORT, IL US","41.96017","-87.93164","204.8","2019-01-14","0.0","0.0","50.0","-3.7","-2.7","-4.9"
"USW00094846","CHICAGO OHARE INTERNATIONAL AIRPORT, IL US","41.96017","-87.93164","204.8","2019-01-15","0.0","0.0","30.0","-3.6","0.0","-4.3"
"USW00094846","CHICAGO OHARE INTERNATIONAL AIRPORT, IL US","41.96017","-87.93164","204.8","2019-01-16","0.0","0.0","30.0","-0.4","1.1","-2.1"
"USW00094846","CHICAGO OHARE INTERNATIONAL AIRPORT, IL US","41.96017","-87.93164","204.8","2019-01-17","0.0","0.0","0.0","-0.9","1.7","-2.1"
"USW00094846","CHICAGO OHARE INTERNATIONAL AIRPORT, IL US","41.96017","-87.93164","204.8","2019-01-18","3.0","33.0","0.0","-1.3","-0.5","-2.7"
"USW00094846","CHICAGO OHARE INTERNATIONAL AIRPORT, IL US","41.96017","-87.93164","204.8","2019-01-19","4.6","94.0","100.0","-3.1","-2.1","-11.6"
"USW00094846","CHICAGO OHARE INTERNATIONAL AIRPORT, IL US","41.96017","-87.93164","204.8","2019-01-20","0.0","0.0","130.0","-11.2","-9.9","-15.5"
"USW00094846","CHICAGO OHARE INTERNATIONAL AIRPORT, IL US","41.96017","-87.93164","204.8","2019-01-21","0.0","3.0","130.0","-12.6","-8.2","-16.0"
"USW00094846","CHICAGO OHARE INTERNATIONAL AIRPORT, IL US","41.96017","-87.93164","204.8","2019-01-22","4.6","13.0","130.0","-7.4","0.6","-10.5"
"USW00094846","CHICAGO OHARE INTERNATIONAL AIRPORT, IL US","41.96017","-87.93164","204.8","2019-01-23","5.6","25.0","100.0","-1.4","1.1","-7.1"
"USW00094846","CHICAGO OHARE INTERNATIONAL AIRPORT, IL US","41.96017","-87.93164","204.8","2019-01-24","0.0","10.0","130.0","-8.6","-5.5","-16.6"
"USW00094846","CHICAGO OHARE INTERNATIONAL AIRPORT, IL US","41.96017","-87.93164","204.8","2019-01-25","0.8","18.0","130.0","-17.1","-14.9","-21.0"
"USW00094846","CHICAGO OHARE INTERNATIONAL AIRPORT, IL US","41.96017","-87.93164","204.8","2019-01-26","1.5","43.0","180.0","-16.6","-11.0","-21.6"
"USW00094846","CHICAGO OHARE INTERNATIONAL AIRPORT, IL US","41.96017","-87.93164","204.8","2019-01-27","0.0","0.0","180.0","-15.7","-11.6","-20.5"
"USW00094846","CHICAGO OHARE INTERNATIONAL AIRPORT, IL US","41.96017","-87.93164","204.8","2019-01-28","13.5","127.0","230.0","-7.6","1.1","-13.2"
"USW00094846","CHICAGO OHARE INTERNATIONAL AIRPORT, IL US","41.96017","-87.93164","204.8","2019-01-29","0.0","8.0","250.0","-14.6","-12.1","-23.2"
"USW00094846","CHICAGO OHARE INTERNATIONAL AIRPORT, IL US","41.96017","-87.93164","204.8","2019-01-30","0.0","0.0","200.0","-25.9","-23.2","-30.5"
"USW00094846","CHICAGO OHARE INTERNATIONAL AIRPORT, IL US","41.96017","-87.93164","204.8","2019-01-31","1.3","20.0","200.0","-26.1","-17.1","-29.3"
"USW00094846","CHICAGO OHARE INTERNATIONAL AIRPORT, IL US","41.96017","-87.93164","204.8","2019-02-01","0.5","23.0","230.0","-13.9","-6.0","-17.1"
"USW00094846","CHICAGO OHARE INTERNATIONAL AIRPORT, IL US","41.96017","-87.93164","204.8","2019-02-02","0.0","0.0","230.0","-3.6","5.6","-9.9"
"USW00094846","CHICAGO OHARE INTERNATIONAL AIRPORT, IL US","41.96017","-87.93164","204.8","2019-02-03","0.0","0.0","100.0","5.7","8.9","3.9"
"USW00094846","CHICAGO OHARE INTERNATIONAL AIRPORT, IL US","41.96017","-87.93164","204.8","2019-02-04","1.3","0.0","0.0","8.5","10.6","-1.0"
"USW00094846","CHICAGO OHARE INTERNATIONAL AIRPORT, IL US","41.96017","-87.93164","204.8","2019-02-05","7.9","0.0","0.0","-1.4","0.6","-4.3"
"USW00094846","CHICAGO OHARE INTERNATIONAL AIRPORT, IL US","41.96017","-87.93164","204.8","2019-02-06","0.3","0.0","0.0","0.4","2.2","0.0"
"USW00094846","CHICAGO OHARE INTERNATIONAL AIRPORT, IL US","41.96017","-87.93164","204.8","2019-02-07","18.0","0.0","0.0","2.0","6.7","-12.1"
"USW00094846","CHICAGO OHARE INTERNATIONAL AIRPORT, IL US","41.96017","-87.93164","204.8","2019-02-08","0.0","0.0","0.0","-11.4","-10.5","-15.5"
"USW00094846","CHICAGO OHARE INTERNATIONAL AIRPORT, IL US","41.96017","-87.93164","204.8","2019-02-09","0.0","0.0","0.0","-11.2","-4.3","-15.5"
"USW00094846","CHICAGO OHARE INTERNATIONAL AIRPORT, IL US","41.96017","-87.93164","204.8","2019-02-10","1.0","18.0","0.0","-4.8","-2.1","-5.5"
"USW00094846","CHICAGO OHARE INTERNATIONAL AIRPORT, IL US","41.96017","-87.93164","204.8","2019-02-11","4.8","3.0","30.0","-2.2","-0.5","-2.7"
"USW00094846","CHICAGO OHARE INTERNATIONAL AIRPORT, IL US","41.96017","-87.93164","204.8","2019-02-12","8.9","38.0","30.0","0.0","1.1","-7.1"
"USW00094846","CHICAGO OHARE INTERNATIONAL AIRPORT, IL US","41.96017","-87.93164","204.8","2019-02-13","0.3","15.0","50.0","-7.5","-2.7","-12.1"
"USW00094846","CHICAGO OHARE INTERNATIONAL AIRPORT, IL US","41.96017","-87.93164","204.8","2019-02-14","0.0","0.0","30.0","2.3","10.0","-2.7"
"USW00094846","CHICAGO OHARE INTERNATIONAL AIRPORT, IL US","41.96017","-87.93164","204.8","2019-02-15","0.0","0.0","0.0","-5.1","0.0","-13.2"
"USW00094846","CHICAGO OHARE INTERNATIONAL AIRPORT, IL US","41.96017","-87.93164","204.8","2019-02-16","0.0","0.0","0.0","-7.4","-1.6","-10.5"
"USW00094846","CHICAGO OHARE INTERNATIONAL AIRPORT, IL US","41.96017","-87.93164","204.8","2019-02-17","5.1","79.0","0.0","-3.7","-2.7","-4.3"
"USW00094846","CHICAGO OHARE INTERNATIONAL AIRPORT, IL US","41.96017","-87.93164","204.8","2019-02-18","1.5","46.0","100.0","-3.8","-0.5","-7.7"
"USW00094846","CHICAGO OHARE INTERNATIONAL AIRPORT, IL US","41.96017","-87.93164","204.8","2019-02-19","0.0","0.0","80.0","-5.7","1.7","-11.0"
"USW00094846","CHICAGO OHARE INTERNATIONAL AIRPORT, IL US","41.96017","-87.93164","204.8","2019-02-20","2.3","5.0","50.0","-0.5","3.3","-2.1"
"USW00094846","CHICAGO OHARE INTERNATIONAL AIRPORT, IL US","41.96017","-87.93164","204.8","2019-02-21","0.0","0.0","30.0","-0.6","1.7","-4.3"
"USW00094846","CHICAGO OHARE INTERNATIONAL AIRPORT, IL US","41.96017","-87.93164","204.8","2019-02-22","0.0","0.0","0.0","-1.9","5.0","-7.1"
"USW00094846","CHICAGO OHARE INTERNATIONAL AIRPORT, IL US","41.96017","-87.93164","204.8","2019-02-23","19.1","0.0","0.0","2.0","11.7","1.1"
"USW00094846","CHICAGO OHARE INTERNATIONAL AIRPORT, IL US","41.96017","-87.93164","204.8","2019-02-24","0.5","0.0","0.0","3.0","10.0","-12.1"
"USW00094846","CHICAGO OHARE INTERNATIONAL AIRPORT, IL US","41.96017","-87.93164","204.8","2019-02-25","0.0","0.0","0.0","-10.9","-7.1","-14.3"
"USW00094846","CHICAGO OHARE INTERNATIONAL AIRPORT, IL US","41.96017","-87.93164","204.8","2019-02-26","0.0","3.0","0.0","-8.4","-4.9","-10.5"
"USW00094846","CHICAGO OHARE INTERNATIONAL AIRPORT, IL US","41.96017","-87.93164","204.8","2019-02-27","0.0","0.0","0.0","-4.1","-1.0","-9.9"
"USW00094846","CHICAGO OHARE INTERNATIONAL AIRPORT, IL US","41.96017","-87.93164","204.8","2019-02-28","0.0","0.0","0.0","-7.8","-2.7","-11.6"
"USW00094846","CHICAGO OHARE INTERNATIONAL AIRPORT, IL US","41.96017","-87.93164","204.8","2019-03-01","0.0","0.0","0.0","-2.9","1.1","-4.9"
"USW00094846","CHICAGO OHARE INTERNATIONAL AIRPORT, IL US","41.96017","-87.93164","204.8","2019-03-02","0.0","0.0","0.0","-1.6","0.6","-3.8"
"USW00094846","CHICAGO OHARE INTERNATIONAL AIRPORT, IL US","41.96017","-87.93164","204.8","2019-03-03","0.0","0.0","0.0","-5.4","-3.8","-16.0"
"USW00094846","CHICAGO OHARE INTERNATIONAL AIRPORT, IL US","41.96017","-87.93164","204.8","2019-03-04","0.0","0.0","0.0","-14.9","-11.0","-19.3"
"USW00094846","CHICAGO OHARE INTERNATIONAL AIRPORT, IL US","41.96017","-87.93164","204.8","2019-03-05","0.0","5.0","0.0","-11.2","-6.0","-13.2"
"USW00094846","CHICAGO OHARE INTERNATIONAL AIRPORT, IL US","41.96017","-87.93164","204.8","2019-03-06","0.0","0.0","0.0","-8.7","-1.0","-12.7"
"USW00094846","CHICAGO OHARE INTERNATIONAL AIRPORT, IL US","41.96017","-87.93164","204.8","2019-03-07","0.0","0.0","0.0","-5.2","-2.1","-9.9"
"USW00094846","CHICAGO OHARE INTERNATIONAL AIRPORT, IL US","41.96017","-87.93164","204.8","2019-03-08","0.0","3.0","0.0","-2.2","3.9","-6.0"
"USW00094846","CHICAGO OHARE INTERNATIONAL AIRPORT, IL US","41.96017","-87.93164","204.8","2019-03-09","14.2","0.0","0.0","0.8","6.1","-3.2"
"USW00094846","CHICAGO OHARE INTERNATIONAL AIRPORT, IL US","41.96017","-87.93164","204.8","2019-03-10","0.0","0.0","0.0","2.6","3.3","-1.6"
"USW00094846","CHICAGO OHARE INTERNATIONAL AIRPORT, IL US","41.96017","-87.93164","204.8","2019-03-11","0.0","0.0","0.0","0.0","5.0","-2.7"
"USW00094846","CHICAGO OHARE INTERNATIONAL AIRPORT, IL US","41.96017","-87.93164","204.8","2019-03-12","0.0","0.0","0.0","1.8","9.4","-4.3"
"USW00094846","CHICAGO OHARE INTERNATIONAL AIRPORT, IL US","41.96017","-87.93164","204.8","2019-03-13","13.7","0.0","0.0","7.2","14.4","4.4"
"USW00094846","CHICAGO OHARE INTERNATIONAL AIRPORT, IL US","41.96017","-87.93164","204.8","2019-03-14","10.2","0.0","0.0","12.9","16.7","3.9"
"USW00094846","CHICAGO OHARE INTERNATIONAL AIRPORT, IL US","41.96017","-87.93164","204.8","2019-03-15","0.0","0.0","0.0","3.3","4.4","0.0"
"USW00094846","CHICAGO OHARE INTERNATIONAL AIRPORT, IL US","41.96017","-87.93164","204.8","2019-03-16","0.0","0.0","0.0","1.3","5.0","-2.1"
"USW00094846","CHICAGO OHARE INTERNATIONAL AIRPORT, IL US","41.96017","-87.93164","204.8","2019-03-17","0.0","0.0","0.0","1.6","6.1","-2.1"
"USW00094846","CHICAGO OHARE INTERNATIONAL AIRPORT, IL US","41.96017","-87.93164","204.8","2019-03-18","0.0","0.0","0.0","1.9","6.1","-2.7"
"USW00094846","CHICAGO OHARE INTERNATIONAL AIRPORT, IL US","41.96017","-87.93164","204.8","2019-03-19","0.0","0.0","0.0","3.7","9.4","-1.0"
"USW00094846","CHICAGO OHARE INTERNATIONAL AIRPORT, IL US","41.96017","-87.93164","204.8","2019-03-20","3.6","0.0","0.0","5.4","6.7","3.3"
"USW00094846","CHICAGO OHARE INTERNATIONAL AIRPORT, IL US","41.96017","-87.93164","204.8","2019-03-21","0.0","0.0","0.0","4.3","7.2","2.2"
"USW00094846","CHICAGO OHARE INTERNATIONAL AIRPORT, IL US","41.96017","-87.93164","204.8","2019-03-22","0.0","0.0","0.0","4.6","7.8","-1.6"
"USW00094846","CHICAGO OHARE INTERNATIONAL AIRPORT, IL US","41.96017","-87.93164","204.8","2019-03-23","0.0","0.0","0.0","2.5","11.7","-3.8"
"USW00094846","CHICAGO OHARE INTERNATIONAL AIRPORT, IL US","41.96017","-87.93164","204.8","2019-03-24","1.3","0.0","0.0","7.5","10.0","1.1"
"USW00094846","CHICAGO OHARE INTERNATIONAL AIRPORT, IL US","41.96017","-87.93164","204.8","2019-03-25","0.0","0.0","0.0","2.2","5.6","-3.2"
"USW00094846","CHICAGO OHARE INTERNATIONAL AIRPORT, IL US","41.96017","-87.93164","204.8","2019-03-26","0.0","0.0","0.0","1.6","8.9","-4.9"
"USW00094846","CHICAGO OHARE INTERNATIONAL AIRPORT, IL US","41.96017","-87.93164","204.8","2019-03-27","0.3","0.0","0.0","5.4","15.0","-1.6"
"USW00094846","CHICAGO OHARE INTERNATIONAL AIRPORT, IL US","41.96017","-87.93164","204.8","2019-03-28","0.0","0.0","0.0","11.8","18.3","6.7"
"USW00094846","CHICAGO OHARE INTERNATIONAL AIRPORT, IL US","41.96017","-87.93164","204.8","2019-03-29","8.1","0.0","0.0","8.2","13.9","2.8"
"USW00094846","CHICAGO OHARE INTERNATIONAL AIRPORT, IL US","41.96017","-87.93164","204.8","2019-03-30","1.8","0.0","0.0","4.3","7.2","-1.6"
"USW00094846","CHICAGO OHARE INTERNATIONAL AIRPORT, IL US","41.96017","-87.93164","204.8","2019-03-31","0.0","0.0","0.0","-0.7","4.4","-4.9"
"USW00094846","CHICAGO OHARE INTERNATIONAL AIRPORT, IL US","41.96017","-87.93164","204.8","2019-04-01","0.0","0.0","0.0","1.7","9.4","-3.2"
"USW00094846","CHICAGO OHARE INTERNATIONAL AIRPORT, IL US","41.96017","-87.93164","204.8","2019-04-02","0.0","0.0","0.0","7.1","12.8","3.9"
"USW00094846","CHICAGO OHARE INTERNATIONAL AIRPORT, IL US","41.96017","-87.93164","204.8","2019-04-03","0.0","0.0","0.0","7.5","14.4","2.8"
"USW00094846","CHICAGO OHARE INTERNATIONAL AIRPORT, IL US","41.96017","-87.93164","204.8","2019-04-04","6.4","0.0","0.0","7.8","8.3","3.9"
"USW00094846","CHICAGO OHARE INTERNATIONAL AIRPORT, IL US","41.96017","-87.93164","204.8","2019-04-05","0.0","0.0","0.0","6.4","13.9","3.9"
"USW00094846","CHICAGO OHARE INTERNATIONAL AIRPORT, IL US","41.96017","-87.93164","204.8","2019-04-06","0.0","0.0","0.0","10.9","18.9","3.9"
"USW00094846","CHICAGO OHARE INTERNATIONAL AIRPORT, IL US","41.96017","-87.93164","204.8","2019-04-07","9.9","0.0","0.0","13.5","19.4","10.6"
"USW00094846","CHICAGO OHARE INTERNATIONAL AIRPORT, IL US","41.96017","-87.93164","204.8","2019-04-08","0.0","0.0","0.0","16.2","22.8","11.1"
"USW00094846","CHICAGO OHARE INTERNATIONAL AIRPORT, IL US","41.96017","-87.93164","204.8","2019-04-09","0.0","0.0","0.0","15.4","18.9","3.9"
"USW00094846","CHICAGO OHARE INTERNATIONAL AIRPORT, IL US","41.96017","-87.93164","204.8","2019-04-10","3.3","0.0","0.0","4.7","3.9","1.1"
"USW00094846","CHICAGO OHARE INTERNATIONAL AIRPORT, IL US","41.96017","-87.93164","204.8","2019-04-11","7.1","0.0","0.0","5.7","13.3","2.8"
"USW00094846","CHICAGO OHARE INTERNATIONAL AIRPORT, IL US","41.96017","-87.93164","204.8","2019-04-12","1.8","0.0","0.0","8.8","10.6","3.3"
"USW00094846","CHICAGO OHARE INTERNATIONAL AIRPORT, IL US","41.96017","-87.93164","204.8","2019-04-13","0.0","0.0","0.0","5.8","11.1","1.7"
"USW00094846","CHICAGO OHARE INTERNATIONAL AIRPORT, IL US","41.96017","-87.93164","204.8","2019-04-14","17.5","137.0","0.0","2.7","3.9","0.0"
"USW00094846","CHICAGO OHARE INTERNATIONAL AIRPORT, IL US","41.96017","-87.93164","204.8","2019-04-15","0.0","0.0","80.0","3.2","11.1","-0.5"
"USW00094846","CHICAGO OHARE INTERNATIONAL AIRPORT, IL US","41.96017","-87.93164","204.8","2019-04-16","0.0","0.0","0.0","13.3","22.8","7.2"
"USW00094846","CHICAGO OHARE INTERNATIONAL AIRPORT, IL US","41.96017","-87.93164","204.8","2019-04-17","0.0","0.0","0.0","12.8","25.0","6.7"
"USW00094846","CHICAGO OHARE INTERNATIONAL AIRPORT, IL US","41.96017","-87.93164","204.8","2019-04-18","7.9","0.0","0.0","14.7","18.3","6.7"
"USW00094846","CHICAGO OHARE INTERNATIONAL AIRPORT, IL US","41.96017","-87.93164","204.8","2019-04-19","0.0","0.0","0.0","7.2","10.6","5.0"
"USW00094846","CHICAGO OHARE INTERNATIONAL AIRPORT, IL US","41.96017","-87.93164","204.8","2019-04-20","0.0","0.0","0.0","9.7","17.8","2.2"
"USW00094846","CHICAGO OHARE INTERNATIONAL AIRPORT, IL US","41.96017","-87.93164","204.8","2019-04-21","0.0","0.0","0.0","14.6","25.0","6.7"
"USW00094846","CHICAGO OHARE INTERNATIONAL AIRPORT, IL US","41.96017","-87.93164","204.8","2019-04-22","0.5","0.0","0.0","20.1","26.7","14.4"
"USW00094846","CHICAGO OHARE INTERNATIONAL AIRPORT, IL US","41.96017","-87.93164","204.8","2019-04-23","0.0","0.0","0.0","15.1","18.3","9.4"
"USW00094846","CHICAGO OHARE INTERNATIONAL AIRPORT, IL US","41.96017","-87.93164","204.8","2019-04-24","0.0","0.0","0.0","11.5","17.8","5.6"
"USW00094846","CHICAGO OHARE INTERNATIONAL AIRPORT, IL US","41.96017","-87.93164","204.8","2019-04-25","4.8","0.0","0.0","13.7","19.4","7.8"
"USW00094846","CHICAGO OHARE INTERNATIONAL AIRPORT, IL US","41.96017","-87.93164","204.8","2019-04-26","0.5","0.0","0.0","13.1","17.2","9.4"
"USW00094846","CHICAGO OHARE INTERNATIONAL AIRPORT, IL US","41.96017","-87.93164","204.8","2019-04-27","20.1","64.0","0.0","5.8","9.4","0.0"
"USW00094846","CHICAGO OHARE INTERNATIONAL AIRPORT, IL US","41.96017","-87.93164","204.8","2019-04-28","0.0","0.0","0.0","3.9","11.1","-0.5"
"USW00094846","CHICAGO OHARE INTERNATIONAL AIRPORT, IL US","41.96017","-87.93164","204.8","2019-04-29","40.1","0.0","0.0","7.3","10.6","6.1"
"USW00094846","CHICAGO OHARE INTERNATIONAL AIRPORT, IL US","41.96017","-87.93164","204.8","2019-04-30","33.0","0.0","0.0","6.9","8.3","3.3"
"USW00094846","CHICAGO OHARE INTERNATIONAL AIRPORT, IL US","41.96017","-87.93164","204.8","2019-05-01","20.3","0.0","0.0","10.0","14.4","6.1"
"USW00094846","CHICAGO OHARE INTERNATIONAL AIRPORT, IL US","41.96017","-87.93164","204.8","2019-05-02","15.5","0.0","0.0","6.8","8.3","5.0"
"USW00094846","CHICAGO OHARE INTERNATIONAL AIRPORT, IL US","41.96017","-87.93164","204.8","2019-05-03","0.3","0.0","0.0","8.6","12.8","4.4"
"USW00094846","CHICAGO OHARE INTERNATIONAL AIRPORT, IL US","41.96017","-87.93164","204.8","2019-05-04","0.0","0.0","0.0","9.7","17.2","3.3"
"USW00094846","CHICAGO OHARE INTERNATIONAL AIRPORT, IL US","41.96017","-87.93164","204.8","2019-05-05","0.0","0.0","0.0","14.6","22.8","7.8"
"USW00094846","CHICAGO OHARE INTERNATIONAL AIRPORT, IL US","41.96017","-87.93164","204.8","2019-05-06","1.3","0.0","0.0","15.2","21.1","7.2"
"USW00094846","CHICAGO OHARE INTERNATIONAL AIRPORT, IL US","41.96017","-87.93164","204.8","2019-05-07","10.7","0.0","0.0","8.0","10.0","6.1"
"USW00094846","CHICAGO OHARE INTERNATIONAL AIRPORT, IL US","41.96017","-87.93164","204.8","2019-05-08","8.1","0.0","0.0","10.1","20.0","7.8"
"USW00094846","CHICAGO OHARE INTERNATIONAL AIRPORT, IL US","41.96017","-87.93164","204.8","2019-05-09","20.1","0.0","0.0","16.3","19.4","7.8"
"USW00094846","CHICAGO OHARE INTERNATIONAL AIRPORT, IL US","41.96017","-87.93164","204.8","2019-05-10","0.0","0.0","0.0","9.8","14.4","6.7"
"USW00094846","CHICAGO OHARE INTERNATIONAL AIRPORT, IL US","41.96017","-87.93164","204.8","2019-05-11","3.0","0.0","0.0","8.7","11.7","6.7"
"USW00094846","CHICAGO OHARE INTERNATIONAL AIRPORT, IL US","41.96017","-87.93164","204.8","2019-05-12","1.3","0.0","0.0","7.9","11.1","5.6"
"USW00094846","CHICAGO OHARE INTERNATIONAL AIRPORT, IL US","41.96017","-87.93164","204.8","2019-05-13","0.0","0.0","0.0","9.8","16.1","5.6"
"USW00094846","CHICAGO OHARE INTERNATIONAL AIRPORT, IL US","41.96017","-87.93164","204.8","2019-05-14","0.0","0.0","0.0","12.4","21.7","5.0"
"USW00094846","CHICAGO OHARE INTERNATIONAL AIRPORT, IL US","41.96017","-87.93164","204.8","2019-05-15","0.0","0.0","0.0","16.8","23.9","10.0"
"USW00094846","CHICAGO OHARE INTERNATIONAL AIRPORT, IL US","41.96017","-87.93164","204.8","2019-05-16","11.2","0.0","0.0","19.0","25.0","15.6"
"USW00094846","CHICAGO OHARE INTERNATIONAL AIRPORT, IL US","41.96017","-87.93164","204.8","2019-05-17","1.5","0.0","0.0","14.4","20.0","7.2"
"USW00094846","CHICAGO OHARE INTERNATIONAL AIRPORT, IL US","41.96017","-87.93164","204.8","2019-05-18","10.4","0.0","0.0","13.2","26.7","6.7"
"USW00094846","CHICAGO OHARE INTERNATIONAL AIRPORT, IL US","41.96017","-87.93164","204.8","2019-05-19","1.8","0.0","0.0","17.1","23.3","8.3"
"USW00094846","CHICAGO OHARE INTERNATIONAL AIRPORT, IL US","41.96017","-87.93164","204.8","2019-05-20","0.0","0.0","0.0","11.8","13.9","7.2"
"USW00094846","CHICAGO OHARE INTERNATIONAL AIRPORT, IL US","41.96017","-87.93164","204.8","2019-05-21","8.4","0.0","0.0","9.2","12.2","7.2"
"USW00094846","CHICAGO OHARE INTERNATIONAL AIRPORT, IL US","41.96017","-87.93164","204.8","2019-05-22","15.0","0.0","0.0","16.3","27.8","9.4"
"USW00094846","CHICAGO OHARE INTERNATIONAL AIRPORT, IL US","41.96017","-87.93164","204.8","2019-05-23","2.0","0.0","0.0","21.3","23.3","16.1"
"USW00094846","CHICAGO OHARE INTERNATIONAL AIRPORT, IL US","41.96017","-87.93164","204.8","2019-05-24","6.6","0.0","0.0","16.8","23.9","12.2"
"USW00094846","CHICAGO OHARE INTERNATIONAL AIRPORT, IL US","41.96017","-87.93164","204.8","2019-05-25","0.0","0.0","0.0","23.1","27.2","21.1"
"USW00094846","CHICAGO OHARE INTERNATIONAL AIRPORT, IL US","41.96017","-87.93164","204.8","2019-05-26","0.0","0.0","0.0","21.1","23.3","12.2"
"USW00094846","CHICAGO OHARE INTERNATIONAL AIRPORT, IL US","41.96017","-87.93164","204.8","2019-05-27","48.8","0.0","0.0","16.2","22.8","11.7"
"USW00094846","CHICAGO OHARE INTERNATIONAL AIRPORT, IL US","41.96017","-87.93164","204.8","2019-05-28","16.0","0.0","0.0","18.1","21.1","11.1"
"USW00094846","CHICAGO OHARE INTERNATIONAL AIRPORT, IL US","41.96017","-87.93164","204.8","2019-05-29","1.8","0.0","0.0","15.3","23.9","11.1"
"USW00094846","CHICAGO OHARE INTERNATIONAL AIRPORT, IL US","41.96017","-87.93164","204.8","2019-05-30","5.6","0.0","0.0","18.9","25.6","15.6"
"USW00094846","CHICAGO OHARE INTERNATIONAL AIRPORT, IL US","41.96017","-87.93164","204.8","2019-05-31","0.0","0.0","0.0","21.4","27.2","15.6"
"USW00094846","CHICAGO OHARE INTERNATIONAL AIRPORT, IL US","41.96017","-87.93164","204.8","2019-06-01","0.0","0.0","0.0","21.7","26.7","11.7"
"USW00094846","CHICAGO OHARE INTERNATIONAL AIRPORT, IL US","41.96017","-87.93164","204.8","2019-06-02","0.0","0.0","0.0","15.6","21.1","10.6"
"USW00094846","CHICAGO OHARE INTERNATIONAL AIRPORT, IL US","41.96017","-87.93164","204.8","2019-06-03","0.0","0.0","0.0","14.3","19.4","9.4"
"USW00094846","CHICAGO OHARE INTERNATIONAL AIRPORT, IL US","41.96017","-87.93164","204.8","2019-06-04","7.4","0.0","0.0","17.9","27.8","13.3"
"USW00094846","CHICAGO OHARE INTERNATIONAL AIRPORT, IL US","41.96017","-87.93164","204.8","2019-06-05","7.4","0.0","0.0","23.6","28.3","15.0"
"USW00094846","CHICAGO OHARE INTERNATIONAL AIRPORT, IL US","41.96017","-87.93164","204.8","2019-06-06","0.0","0.0","0.0","18.6","23.9","13.3"
"USW00094846","CHICAGO OHARE INTERNATIONAL AIRPORT, IL US","41.96017","-87.93164","204.8","2019-06-07","0.0","0.0","0.0","19.0","25.6","12.8"
"USW00094846","CHICAGO OHARE INTERNATIONAL AIRPORT, IL US","41.96017","-87.93164","204.8","2019-06-08","0.0","0.0","0.0","19.4","24.4","13.9"
"USW00094846","CHICAGO OHARE INTERNATIONAL AIRPORT, IL US","41.96017","-87.93164","204.8","2019-06-09","0.0","0.0","0.0","20.4","23.9","17.2"
"USW00094846","CHICAGO OHARE INTERNATIONAL AIRPORT, IL US","41.96017","-87.93164","204.8","2019-06-10","0.0","0.0","0.0","19.3","23.3","15.6"
"USW00094846","CHICAGO OHARE INTERNATIONAL AIRPORT, IL US","41.96017","-87.93164","204.8","2019-06-11","0.0","0.0","0.0","20.4","27.8","13.9"
"USW00094846","CHICAGO OHARE INTERNATIONAL AIRPORT, IL US","41.96017","-87.93164","204.8","2019-06-12","19.1","0.0","0.0","19.7","21.7","11.1"
"USW00094846","CHICAGO OHARE INTERNATIONAL AIRPORT, IL US","41.96017","-87.93164","204.8","2019-06-13","1.3","0.0","0.0","14.4","20.0","10.6"
"USW00094846","CHICAGO OHARE INTERNATIONAL AIRPORT, IL US","41.96017","-87.93164","204.8","2019-06-14","1.3","0.0","0.0","18.2","26.7","11.1"
"USW00094846","CHICAGO OHARE INTERNATIONAL AIRPORT, IL US","41.96017","-87.93164","204.8","2019-06-15","0.5","0.0","0.0","19.2","21.1","12.2"
"USW00094846","CHICAGO OHARE INTERNATIONAL AIRPORT, IL US","41.96017","-87.93164","204.8","2019-06-16","1.8","0.0","0.0","13.9","15.6","12.2"
"USW00094846","CHICAGO OHARE INTERNATIONAL AIRPORT, IL US","41.96017","-87.93164","204.8","2019-06-17","0.0","0.0","0.0","15.0","19.4","12.8"
"USW00094846","CHICAGO OHARE INTERNATIONAL AIRPORT, IL US","41.96017","-87.93164","204.8","2019-06-18","0.0","0.0","0.0","17.7","25.6","12.2"
"USW00094846","CHICAGO OHARE INTERNATIONAL AIRPORT, IL US","41.96017","-87.93164","204.8","2019-06-19","4.6","0.0","0.0","19.2","22.2","13.3"
"USW00094846","CHICAGO OHARE INTERNATIONAL AIRPORT, IL US","41.96017","-87.93164","204.8","2019-06-20","7.1","0.0","0.0","15.6","21.7","12.2"
"USW00094846","CHICAGO OHARE INTERNATIONAL AIRPORT, IL US","41.96017","-87.93164","204.8","2019-06-21","0.0","0.0","0.0","17.1","22.2","11.1"
"USW00094846","CHICAGO OHARE INTERNATIONAL AIRPORT, IL US","41.96017","-87.93164","204.8","2019-06-22","0.0","0.0","0.0","19.2","26.1","14.4"
"USW00094846","CHICAGO OHARE INTERNATIONAL AIRPORT, IL US","41.96017","-87.93164","204.8","2019-06-23","9.7","0.0","0.0","22.8","27.2","17.2"
"USW00094846","CHICAGO OHARE INTERNATIONAL AIRPORT, IL US","41.96017","-87.93164","204.8","2019-06-24","4.3","0.0","0.0","21.8","25.6","18.9"
"USW00094846","CHICAGO OHARE INTERNATIONAL AIRPORT, IL US","41.96017","-87.93164","204.8","2019-06-25","3.6","0.0","0.0","22.2","29.4","16.7"
"USW00094846","CHICAGO OHARE INTERNATIONAL AIRPORT, IL US","41.96017","-87.93164","204.8","2019-06-26","3.8","0.0","0.0","25.7","31.7","20.0"
"USW00094846","CHICAGO OHARE INTERNATIONAL AIRPORT, IL US","41.96017","-87.93164","204.8","2019-06-27","0.5","0.0","0.0","25.1","31.7","20.0"
"USW00094846","CHICAGO OHARE INTERNATIONAL AIRPORT, IL US","41.96017","-87.93164","204.8","2019-06-28","0.3","0.0","0.0","24.3","32.2","21.7"
"USW00094846","CHICAGO OHARE INTERNATIONAL AIRPORT, IL US","41.96017","-87.93164","204.8","2019-06-29","0.0","0.0","0.0","25.8","30.6","20.6"
"USW00094846","CHICAGO OHARE INTERNATIONAL AIRPORT, IL US","41.96017","-87.93164","204.8","2019-06-30","5.1","0.0","0.0","25.4","32.8","21.1"
"USW00094846","CHICAGO OHARE INTERNATIONAL AIRPORT, IL US","41.96017","-87.93164","204.8","2019-07-01","0.0","0.0","0.0","25.1","31.7","20.6"
"USW00094846","CHICAGO OHARE INTERNATIONAL AIRPORT, IL US","41.96017","-87.93164","204.8","2019-07-02","0.3","0.0","0.0","28.8","33.3","23.3"
"USW00094846","CHICAGO OHARE INTERNATIONAL AIRPORT, IL US","41.96017","-87.93164","204.8","2019-07-03","10.4","0.0","0.0","25.3","30.0","20.6"
"USW00094846","CHICAGO OHARE INTERNATIONAL AIRPORT, IL US","41.96017","-87.93164","204.8","2019-07-04","0.0","0.0","0.0","25.6","32.8","21.1"
"USW00094846","CHICAGO OHARE INTERNATIONAL AIRPORT, IL US","41.96017","-87.93164","204.8","2019-07-05","11.9","0.0","0.0","27.4","32.8","22.8"
"USW00094846","CHICAGO OHARE INTERNATIONAL AIRPORT, IL US","41.96017","-87.93164","204.8","2019-07-06","0.0","0.0","0.0","25.4","28.3","19.4"
"USW00094846","CHICAGO OHARE INTERNATIONAL AIRPORT, IL US","41.96017","-87.93164","204.8","2019-07-07","0.0","0.0","0.0","21.2","25.0","17.8"
"USW00094846","CHICAGO OHARE INTERNATIONAL AIRPORT, IL US","41.96017","-87.93164","204.8","2019-07-08","0.0","0.0","0.0","21.6","28.3","15.6"
"USW00094846","CHICAGO OHARE INTERNATIONAL AIRPORT, IL US","41.96017","-87.93164","204.8","2019-07-09","0.0","0.0","0.0","23.4","31.1","16.1"
"USW00094846","CHICAGO OHARE INTERNATIONAL AIRPORT, IL US","41.96017","-87.93164","204.8","2019-07-10","0.3","0.0","0.0","28.6","34.4","23.9"
"USW00094846","CHICAGO OHARE INTERNATIONAL AIRPORT, IL US","41.96017","-87.93164","204.8","2019-07-11","0.0","0.0","0.0","25.3","27.8","18.3"
"USW00094846","CHICAGO OHARE INTERNATIONAL AIRPORT, IL US","41.96017","-87.93164","204.8","2019-07-12","0.0","0.0","0.0","22.1","30.6","15.0"
"USW00094846","CHICAGO OHARE INTERNATIONAL AIRPORT, IL US","41.96017","-87.93164","204.8","2019-07-13","0.0","0.0","0.0","27.7","34.4","22.2"
"USW00094846","CHICAGO OHARE INTERNATIONAL AIRPORT, IL US","41.96017","-87.93164","204.8","2019-07-14","0.0","0.0","0.0","26.3","32.8","21.1"
"USW00094846","CHICAGO OHARE INTERNATIONAL AIRPORT, IL US","41.96017","-87.93164","204.8","2019-07-15","0.0","0.0","0.0","27.2","33.3","23.3"
"USW00094846","CHICAGO OHARE INTERNATIONAL AIRPORT, IL US","41.96017","-87.93164","204.8","2019-07-16","1.3","0.0","0.0","25.1","27.8","21.7"
"USW00094846","CHICAGO OHARE INTERNATIONAL AIRPORT, IL US","41.96017","-87.93164","204.8","2019-07-17","11.9","0.0","0.0","26.9","33.3","23.3"
"USW00094846","CHICAGO OHARE INTERNATIONAL AIRPORT, IL US","41.96017","-87.93164","204.8","2019-07-18","34.5","0.0","0.0","25.2","30.6","21.7"
"USW00094846","CHICAGO OHARE INTERNATIONAL AIRPORT, IL US","41.96017","-87.93164","204.8","2019-07-19","0.0","0.0","0.0","29.7","33.9","27.2"
"USW00094846","CHICAGO OHARE INTERNATIONAL AIRPORT, IL US","41.96017","-87.93164","204.8","2019-07-20","2.0","0.0","0.0","29.4","35.0","22.8"
"USW00094846","CHICAGO OHARE INTERNATIONAL AIRPORT, IL US","41.96017","-87.93164","204.8","2019-07-21","19.3","0.0","0.0","23.1","26.1","19.4"
"USW00094846","CHICAGO OHARE INTERNATIONAL AIRPORT, IL US","41.96017","-87.93164","204.8","2019-07-22","0.0","0.0","0.0","21.3","23.9","16.7"
"USW00094846","CHICAGO OHARE INTERNATIONAL AIRPORT, IL US","41.96017","-87.93164","204.8","2019-07-23","0.0","0.0","0.0","21.1","26.7","16.7"
"USW00094846","CHICAGO OHARE INTERNATIONAL AIRPORT, IL US","41.96017","-87.93164","204.8","2019-07-24","0.0","0.0","0.0","21.8","27.2","16.7"
"USW00094846","CHICAGO OHARE INTERNATIONAL AIRPORT, IL US","41.96017","-87.93164","204.8","2019-07-25","0.0","0.0","0.0","22.9","29.4","17.2"
"USW00094846","CHICAGO OHARE INTERNATIONAL AIRPORT, IL US","41.96017","-87.93164","204.8","2019-07-26","0.0","0.0","0.0","24.2","29.4","19.4"
"USW00094846","CHICAGO OHARE INTERNATIONAL AIRPORT, IL US","41.96017","-87.93164","204.8","2019-07-27","0.0","0.0","0.0","26.5","31.7","21.7"
"USW00094846","CHICAGO OHARE INTERNATIONAL AIRPORT, IL US","41.96017","-87.93164","204.8","2019-07-28","0.0","0.0","0.0","27.3","31.7","22.8"
"USW00094846","CHICAGO OHARE INTERNATIONAL AIRPORT, IL US","41.96017","-87.93164","204.8","2019-07-29","8.1","0.0","0.0","25.2","27.8","21.1"
"USW00094846","CHICAGO OHARE INTERNATIONAL AIRPORT, IL US","41.96017","-87.93164","204.8","2019-07-30","0.0","0.0","0.0","22.9","25.6","18.3"
"USW00094846","CHICAGO OHARE INTERNATIONAL AIRPORT, IL US","41.96017","-87.93164","204.8","2019-07-31","0.0","0.0","0.0","20.3","24.4","15.0"
"USW00094846","CHICAGO OHARE INTERNATIONAL AIRPORT, IL US","41.96017","-87.93164","204.8","2019-08-01","0.0","0.0","0.0","20.3","26.7","13.9"
"USW00094846","CHICAGO OHARE INTERNATIONAL AIRPORT, IL US","41.96017","-87.93164","204.8","2019-08-02","0.0","0.0","0.0","22.2","28.3","16.1"
"USW00094846","CHICAGO OHARE INTERNATIONAL AIRPORT, IL US","41.96017","-87.93164","204.8","2019-08-03","0.0","0.0","0.0","24.1","31.7","17.2"
"USW00094846","CHICAGO OHARE INTERNATIONAL AIRPORT, IL US","41.96017","-87.93164","204.8","2019-08-04","0.0","0.0","0.0","25.9","31.7","21.1"
"USW00094846","CHICAGO OHARE INTERNATIONAL AIRPORT, IL US","41.96017","-87.93164","204.8","2019-08-05","0.0","0.0","0.0","26.0","32.2","21.1"
"USW00094846","CHICAGO OHARE INTERNATIONAL AIRPORT, IL US","41.96017","-87.93164","204.8","2019-08-06","0.3","0.0","0.0","24.5","29.4","19.4"
"USW00094846","CHICAGO OHARE INTERNATIONAL AIRPORT, IL US","41.96017","-87.93164","204.8","2019-08-07","0.0","0.0","0.0","24.8","31.1","18.9"
"USW00094846","CHICAGO OHARE INTERNATIONAL AIRPORT, IL US","41.96017","-87.93164","204.8","2019-08-08","0.3","0.0","0.0","26.2","30.6","19.4"
"USW00094846","CHICAGO OHARE INTERNATIONAL AIRPORT, IL US","41.96017","-87.93164","204.8","2019-08-09","0.0","0.0","0.0","22.6","28.3","16.7"
"USW00094846","CHICAGO OHARE INTERNATIONAL AIRPORT, IL US","41.96017","-87.93164","204.8","2019-08-10","0.0","0.0","0.0","23.4","30.0","19.4"
"USW00094846","CHICAGO OHARE INTERNATIONAL AIRPORT, IL US","41.96017","-87.93164","204.8","2019-08-11","0.0","0.0","0.0","23.6","27.8","19.4"
"USW00094846","CHICAGO OHARE INTERNATIONAL AIRPORT, IL US","41.96017","-87.93164","204.8","2019-08-12","12.7","0.0","0.0","24.4","28.9","21.7"
"USW00094846","CHICAGO OHARE INTERNATIONAL AIRPORT, IL US","41.96017","-87.93164","204.8","2019-08-13","4.8","0.0","0.0","24.0","30.0","19.4"
"USW00094846","CHICAGO OHARE INTERNATIONAL AIRPORT, IL US","41.96017","-87.93164","204.8","2019-08-14","0.0","0.0","0.0","22.2","28.3","18.9"
"USW00094846","CHICAGO OHARE INTERNATIONAL AIRPORT, IL US","41.96017","-87.93164","204.8","2019-08-15","0.0","0.0","0.0","21.2","26.1","17.2"
"USW00094846","CHICAGO OHARE INTERNATIONAL AIRPORT, IL US","41.96017","-87.93164","204.8","2019-08-16","0.0","0.0","0.0","22.1","28.9","17.8"
"USW00094846","CHICAGO OHARE INTERNATIONAL AIRPORT, IL US","41.96017","-87.93164","204.8","2019-08-17","4.6","0.0","0.0","22.9","25.0","19.4"
"USW00094846","CHICAGO OHARE INTERNATIONAL AIRPORT, IL US","41.96017","-87.93164","204.8","2019-08-18","21.8","0.0","0.0","23.1","27.8","20.0"
"USW00094846","CHICAGO OHARE INTERNATIONAL AIRPORT, IL US","41.96017","-87.93164","204.8","2019-08-19","0.0","0.0","0.0","24.2","29.4","20.0"
"USW00094846","CHICAGO OHARE INTERNATIONAL AIRPORT, IL US","41.96017","-87.93164","204.8","2019-08-20","8.9","0.0","0.0","23.5","24.4","20.0"
"USW00094846","CHICAGO OHARE INTERNATIONAL AIRPORT, IL US","41.96017","-87.93164","204.8","2019-08-21","0.5","0.0","0.0","22.8","28.3","18.3"
"USW00094846","CHICAGO OHARE INTERNATIONAL AIRPORT, IL US","41.96017","-87.93164","204.8","2019-08-22","0.0","0.0","0.0","21.9","24.4","17.8"
"USW00094846","CHICAGO OHARE INTERNATIONAL AIRPORT, IL US","41.96017","-87.93164","204.8","2019-08-23","0.0","0.0","0.0","19.8","23.3","14.4"
"USW00094846","CHICAGO OHARE INTERNATIONAL AIRPORT, IL US","41.96017","-87.93164","204.8","2019-08-24","0.0","0.0","0.0","19.3","23.9","15.6"
"USW00094846","CHICAGO OHARE INTERNATIONAL AIRPORT, IL US","41.96017","-87.93164","204.8","2019-08-25","0.0","0.0","0.0","20.3","25.6","16.1"
"USW00094846","CHICAGO OHARE INTERNATIONAL AIRPORT, IL US","41.96017","-87.93164","204.8","2019-08-26","35.6","0.0","0.0","21.2","24.4","17.8"
"USW00094846","CHICAGO OHARE INTERNATIONAL AIRPORT, IL US","41.96017","-87.93164","204.8","2019-08-27","0.0","0.0","0.0","22.0","26.1","18.3"
"USW00094846","CHICAGO OHARE INTERNATIONAL AIRPORT, IL US","41.96017","-87.93164","204.8","2019-08-28","0.0","0.0","0.0","20.1","23.9","15.0"
"USW00094846","CHICAGO OHARE INTERNATIONAL AIRPORT, IL US","41.96017","-87.93164","204.8","2019-08-29","0.0","0.0","0.0","21.0","28.9","14.4"
"USW00094846","CHICAGO OHARE INTERNATIONAL AIRPORT, IL US","41.96017","-87.93164","204.8","2019-08-30","0.0","0.0","0.0","20.9","23.3","15.0"
"USW00094846","CHICAGO OHARE INTERNATIONAL AIRPORT, IL US","41.96017","-87.93164","204.8","2019-08-31","2.8","0.0","0.0","19.4","23.9","16.1"
"USW00094846","CHICAGO OHARE INTERNATIONAL AIRPORT, IL US","41.96017","-87.93164","204.8","2019-09-01","8.6","0.0","0.0","19.4","22.8","16.7"
"USW00094846","CHICAGO OHARE INTERNATIONAL AIRPORT, IL US","41.96017","-87.93164","204.8","2019-09-02","0.0","0.0","0.0","21.1","27.8","16.1"
"USW00094846","CHICAGO OHARE INTERNATIONAL AIRPORT, IL US","41.96017","-87.93164","204.8","2019-09-03","5.6","0.0","0.0","22.4","26.7","19.4"
"USW00094846","CHICAGO OHARE INTERNATIONAL AIRPORT, IL US","41.96017","-87.93164","204.8","2019-09-04","0.0","0.0","0.0","19.8","20.6","15.0"
"USW00094846","CHICAGO OHARE INTERNATIONAL AIRPORT, IL US","41.96017","-87.93164","204.8","2019-09-05","0.0","0.0","0.0","17.7","23.3","13.3"
"USW00094846","CHICAGO OHARE INTERNATIONAL AIRPORT, IL US","41.96017","-87.93164","204.8","2019-09-06","0.0","0.0","0.0","19.6","22.2","16.1"
"USW00094846","CHICAGO OHARE INTERNATIONAL AIRPORT, IL US","41.96017","-87.93164","204.8","2019-09-07","0.0","0.0","0.0","19.1","25.6","13.3"
"USW00094846","CHICAGO OHARE INTERNATIONAL AIRPORT, IL US","41.96017","-87.93164","204.8","2019-09-08","0.8","0.0","0.0","18.4","18.9","16.7"
"USW00094846","CHICAGO OHARE INTERNATIONAL AIRPORT, IL US","41.96017","-87.93164","204.8","2019-09-09","0.5","0.0","0.0","19.2","24.4","16.7"
"USW00094846","CHICAGO OHARE INTERNATIONAL AIRPORT, IL US","41.96017","-87.93164","204.8","2019-09-10","0.0","0.0","0.0","25.6","32.2","21.7"
"USW00094846","CHICAGO OHARE INTERNATIONAL AIRPORT, IL US","41.96017","-87.93164","204.8","2019-09-11","4.8","0.0","0.0","26.9","31.7","20.0"
"USW00094846","CHICAGO OHARE INTERNATIONAL AIRPORT, IL US","41.96017","-87.93164","204.8","2019-09-12","7.1","0.0","0.0","22.2","25.6","17.2"
"USW00094846","CHICAGO OHARE INTERNATIONAL AIRPORT, IL US","41.96017","-87.93164","204.8","2019-09-13","34.3","0.0","0.0","22.6","25.0","16.7"
"USW00094846","CHICAGO OHARE INTERNATIONAL AIRPORT, IL US","41.96017","-87.93164","204.8","2019-09-14","1.5","0.0","0.0","19.3","26.7","13.3"
"USW00094846","CHICAGO OHARE INTERNATIONAL AIRPORT, IL US","41.96017","-87.93164","204.8","2019-09-15","10.9","0.0","0.0","21.4","25.6","17.2"
"USW00094846","CHICAGO OHARE INTERNATIONAL AIRPORT, IL US","41.96017","-87.93164","204.8","2019-09-16","0.0","0.0","0.0","21.8","23.3","17.8"
"USW00094846","CHICAGO OHARE INTERNATIONAL AIRPORT, IL US","41.96017","-87.93164","204.8","2019-09-17","0.0","0.0","0.0","20.7","25.6","18.3"
"USW00094846","CHICAGO OHARE INTERNATIONAL AIRPORT, IL US","41.96017","-87.93164","204.8","2019-09-18","0.0","0.0","0.0","21.6","27.8","16.7"
"USW00094846","CHICAGO OHARE INTERNATIONAL AIRPORT, IL US","41.96017","-87.93164","204.8","2019-09-19","0.3","0.0","0.0","22.3","28.3","17.2"
"USW00094846","CHICAGO OHARE INTERNATIONAL AIRPORT, IL US","41.96017","-87.93164","204.8","2019-09-20","0.0","0.0","0.0","23.4","28.9","20.0"
"USW00094846","CHICAGO OHARE INTERNATIONAL AIRPORT, IL US","41.96017","-87.93164","204.8","2019-09-21","4.3","0.0","0.0","23.9","25.6","21.7"
"USW00094846","CHICAGO OHARE INTERNATIONAL AIRPORT, IL US","41.96017","-87.93164","204.8","2019-09-22","37.3","0.0","0.0","22.3","25.0","18.9"
"USW00094846","CHICAGO OHARE INTERNATIONAL AIRPORT, IL US","41.96017","-87.93164","204.8","2019-09-23","0.0","0.0","0.0","19.3","23.3","15.0"
"USW00094846","CHICAGO OHARE INTERNATIONAL AIRPORT, IL US","41.96017","-87.93164","204.8","2019-09-24","0.0","0.0","0.0","19.4","26.1","14.4"
"USW00094846","CHICAGO OHARE INTERNATIONAL AIRPORT, IL US","41.96017","-87.93164","204.8","2019-09-25","0.0","0.0","0.0","21.3","26.1","16.7"
"USW00094846","CHICAGO OHARE INTERNATIONAL AIRPORT, IL US","41.96017","-87.93164","204.8","2019-09-26","0.0","0.0","0.0","18.6","22.2","13.3"
"USW00094846","CHICAGO OHARE INTERNATIONAL AIRPORT, IL US","41.96017","-87.93164","204.8","2019-09-27","57.9","0.0","0.0","17.4","20.6","14.4"
"USW00094846","CHICAGO OHARE INTERNATIONAL AIRPORT, IL US","41.96017","-87.93164","204.8","2019-09-28","4.8","0.0","0.0","16.3","18.9","11.7"
"USW00094846","CHICAGO OHARE INTERNATIONAL AIRPORT, IL US","41.96017","-87.93164","204.8","2019-09-29","14.5","0.0","0.0","16.1","18.9","15.6"
"USW00094846","CHICAGO OHARE INTERNATIONAL AIRPORT, IL US","41.96017","-87.93164","204.8","2019-09-30","0.0","0.0","0.0","21.8","29.4","17.2"
"USW00094846","CHICAGO OHARE INTERNATIONAL AIRPORT, IL US","41.96017","-87.93164","204.8","2019-10-01","0.0","0.0","0.0","25.9","30.0","20.0"
"USW00094846","CHICAGO OHARE INTERNATIONAL AIRPORT, IL US","41.96017","-87.93164","204.8","2019-10-02","44.7","0.0","0.0","18.8","20.0","13.9"
"USW00094846","CHICAGO OHARE INTERNATIONAL AIRPORT, IL US","41.96017","-87.93164","204.8","2019-10-03","14.5","0.0","0.0","15.9","19.4","9.4"
"USW00094846","CHICAGO OHARE INTERNATIONAL AIRPORT, IL US","41.96017","-87.93164","204.8","2019-10-04","0.0","0.0","0.0","11.0","14.4","7.2"
"USW00094846","CHICAGO OHARE INTERNATIONAL AIRPORT, IL US","41.96017","-87.93164","204.8","2019-10-05","6.9","0.0","0.0","12.6","17.2","8.9"
"USW00094846","CHICAGO OHARE INTERNATIONAL AIRPORT, IL US","41.96017","-87.93164","204.8","2019-10-06","0.0","0.0","0.0","14.8","19.4","9.4"
"USW00094846","CHICAGO OHARE INTERNATIONAL AIRPORT, IL US","41.96017","-87.93164","204.8","2019-10-07","0.0","0.0","0.0","14.8","20.6","8.9"
"USW00094846","CHICAGO OHARE INTERNATIONAL AIRPORT, IL US","41.96017","-87.93164","204.8","2019-10-08","0.0","0.0","0.0","13.9","21.1","7.8"
"USW00094846","CHICAGO OHARE INTERNATIONAL AIRPORT, IL US","41.96017","-87.93164","204.8","2019-10-09","0.0","0.0","0.0","15.4","21.1","10.0"
"USW00094846","CHICAGO OHARE INTERNATIONAL AIRPORT, IL US","41.96017","-87.93164","204.8","2019-10-10","4.8","0.0","0.0","16.4","21.1","12.2"
"USW00094846","CHICAGO OHARE INTERNATIONAL AIRPORT, IL US","41.96017","-87.93164","204.8","2019-10-11","15.0","0.0","0.0","15.4","19.4","3.9"
"USW00094846","CHICAGO OHARE INTERNATIONAL AIRPORT, IL US","41.96017","-87.93164","204.8","2019-10-12","0.0","0.0","0.0","5.9","12.2","1.7"
"USW00094846","CHICAGO OHARE INTERNATIONAL AIRPORT, IL US","41.96017","-87.93164","204.8","2019-10-13","0.0","0.0","0.0","7.4","11.1","2.8"
"USW00094846","CHICAGO OHARE INTERNATIONAL AIRPORT, IL US","41.96017","-87.93164","204.8","2019-10-14","0.0","0.0","0.0","7.1","12.2","2.8"
"USW00094846","CHICAGO OHARE INTERNATIONAL AIRPORT, IL US","41.96017","-87.93164","204.8","2019-10-15","0.0","0.0","0.0","10.0","16.7","5.0"
"USW00094846","CHICAGO OHARE INTERNATIONAL AIRPORT, IL US","41.96017","-87.93164","204.8","2019-10-16","0.0","0.0","0.0","9.3","11.1","5.0"
"USW00094846","CHICAGO OHARE INTERNATIONAL AIRPORT, IL US","41.96017","-87.93164","204.8","2019-10-17","0.0","0.0","0.0","7.8","12.2","4.4"
"USW00094846","CHICAGO OHARE INTERNATIONAL AIRPORT, IL US","41.96017","-87.93164","204.8","2019-10-18","0.0","0.0","0.0","8.2","15.0","3.3"
"USW00094846","CHICAGO OHARE INTERNATIONAL AIRPORT, IL US","41.96017","-87.93164","204.8","2019-10-19","0.0","0.0","0.0","11.9","20.0","6.7"
"USW00094846","CHICAGO OHARE INTERNATIONAL AIRPORT, IL US","41.96017","-87.93164","204.8","2019-10-20","0.0","0.0","0.0","13.5","17.2","8.9"
"USW00094846","CHICAGO OHARE INTERNATIONAL AIRPORT, IL US","41.96017","-87.93164","204.8","2019-10-21","1.3","0.0","0.0","13.4","19.4","10.0"
"USW00094846","CHICAGO OHARE INTERNATIONAL AIRPORT, IL US","41.96017","-87.93164","204.8","2019-10-22","0.3","0.0","0.0","10.0","10.6","6.7"
"USW00094846","CHICAGO OHARE INTERNATIONAL AIRPORT, IL US","41.96017","-87.93164","204.8","2019-10-23","0.5","0.0","0.0","8.6","14.4","3.9"
"USW00094846","CHICAGO OHARE INTERNATIONAL AIRPORT, IL US","41.96017","-87.93164","204.8","2019-10-24","0.0","0.0","0.0","8.4","10.0","5.6"
"USW00094846","CHICAGO OHARE INTERNATIONAL AIRPORT, IL US","41.96017","-87.93164","204.8","2019-10-25","0.0","0.0","0.0","6.9","8.9","2.8"
"USW00094846","CHICAGO OHARE INTERNATIONAL AIRPORT, IL US","41.96017","-87.93164","204.8","2019-10-26","55.4","0.0","0.0","5.6","8.9","2.2"
"USW00094846","CHICAGO OHARE INTERNATIONAL AIRPORT, IL US","41.96017","-87.93164","204.8","2019-10-27","1.0","0.0","0.0","9.2","14.4","5.6"
"USW00094846","CHICAGO OHARE INTERNATIONAL AIRPORT, IL US","41.96017","-87.93164","204.8","2019-10-28","0.0","0.0","0.0","8.4","9.4","5.0"
"USW00094846","CHICAGO OHARE INTERNATIONAL AIRPORT, IL US","41.96017","-87.93164","204.8","2019-10-29","3.8","0.0","0.0","4.6","7.2","1.7"
"USW00094846","CHICAGO OHARE INTERNATIONAL AIRPORT, IL US","41.96017","-87.93164","204.8","2019-10-30","15.7","30.0","30.0","2.5","5.0","0.0"
"USW00094846","CHICAGO OHARE INTERNATIONAL AIRPORT, IL US","41.96017","-87.93164","204.8","2019-10-31","7.9","86.0","0.0","0.8","0.6","-3.8"
